renumbering nurt;Provinsi;Kabupaten_Kota;Rata_pengeluaran_rumah_tangga;Rata_pengeluaran_makanan;Rata_pengeluaran_bukan_makanan;Jumlah_anggota_rumah_tangga;Status_kepemilikan_rumah;Memiliki_sepeda_motor;Memiliki_mobil;Memiliki_emas_perhiasan_10gram;Penerima_KKS;Penerima_PKH;Penerima_BPNT;Umur_kepala_rumah_tangga;Status_perkawinan_kepala;Pendidikan_tinggi_kepala;Status_kegiatan_krt;Status_pekerjaan_utama_krt
138439;16;7;3987476;2654143;1333333;6;1;1;5;5;5;5;5;41;2;8;1;4
138468;16;7;1474000;841500;632500;4;1;5;5;5;5;1;5;63;2;3;1;2
138514;16;7;3565000;1941000;1624000;6;1;1;5;1;5;5;5;60;2;3;1;2
138554;16;7;3865548;2620714;1244833;5;1;1;5;5;1;5;1;56;2;3;1;1
138596;16;7;3692536;2242286;1450250;5;1;1;5;1;5;5;5;46;2;3;1;2
138620;16;7;5092369;3187286;1905083;3;1;1;5;5;5;5;5;58;4;3;1;4
138626;16;7;764940;474857;290083;1;1;5;5;5;5;5;5;53;1;3;1;4
138677;16;7;3096440;2073857;1022583;6;1;1;5;5;5;1;1;47;2;3;1;4
138718;16;7;3341179;1998429;1342750;5;1;5;5;5;5;5;5;63;4;3;3;0
138768;16;7;2558655;1571571;987083;6;1;1;5;5;5;5;5;28;2;3;1;4
138792;16;7;5795607;3003857;2791750;3;1;1;1;5;1;1;1;49;4;8;1;1
138820;16;7;6720948;4912114;1808833;4;1;1;5;5;1;5;1;62;2;3;1;2
138845;16;7;5410462;3982629;1427833;3;1;5;5;5;1;1;5;56;4;3;1;2
138891;16;7;2627024;1467857;1159167;5;1;5;5;5;1;5;5;48;2;3;1;2
138912;16;7;4414493;3059743;1354750;3;1;5;5;5;1;1;1;57;2;8;1;2
138921;16;7;2896983;1832400;1064583;1;1;1;5;5;5;5;5;55;4;3;3;0
138951;16;7;5679667;4275000;1404667;4;1;1;5;5;1;1;1;49;2;3;1;1
138966;16;7;4141393;2798143;1343250;2;1;1;5;5;5;5;5;61;2;8;1;1
139000;16;7;4384000;2922000;1462000;5;1;1;5;5;1;1;5;56;2;8;1;2
139041;16;7;5513764;3761014;1752750;5;1;1;5;5;1;1;1;42;2;15;1;2
139063;16;7;4152657;2714657;1438000;3;1;1;5;5;5;5;5;58;2;3;1;1
139099;16;7;3669524;2342357;1327167;4;1;1;5;5;5;5;5;37;2;3;1;4
139104;16;7;2305345;1266429;1038917;1;1;5;5;5;5;5;5;84;4;3;3;0
139140;16;7;4431360;2996443;1434917;4;1;1;5;5;5;5;5;36;2;8;1;1
139151;16;7;3612331;2360914;1251417;2;1;1;5;5;5;5;1;59;4;3;3;0
139206;16;7;3953679;2496429;1457250;7;1;1;5;5;1;5;1;54;2;3;1;1
139237;16;7;4311002;2461586;1849417;4;1;1;5;5;5;5;5;31;2;8;1;4
139248;16;7;1381729;755229;626500;1;1;5;5;5;5;5;5;78;4;0;3;0
139277;16;7;4928107;3567857;1360250;4;1;1;5;5;5;5;5;61;2;3;1;1
139313;16;7;3313550;2284800;1028750;5;1;1;5;5;1;5;5;47;2;3;1;2
139339;16;7;4452874;2637857;1815017;3;1;1;5;5;1;5;1;80;2;3;1;2
139362;16;7;3517179;2421429;1095750;3;1;5;5;5;1;1;5;60;2;3;1;1
139369;16;7;1203619;706286;497333;1;1;5;5;5;1;1;5;60;4;3;3;0
139414;16;7;16826804;4974429;11852375;6;1;1;5;5;1;1;1;48;2;3;1;2
139431;16;7;2212417;1302000;910417;2;1;5;5;5;5;5;1;52;2;3;1;2
139461;16;7;5342615;3402857;1939758;4;1;1;5;5;1;1;1;49;2;13;4;2
139506;16;7;3680762;2571429;1109333;5;1;5;5;5;5;1;5;41;2;8;1;1
139537;16;7;4210793;2702143;1508650;4;1;1;5;5;1;1;5;35;2;3;1;2
139566;16;7;2948464;2038714;909750;4;1;5;5;5;1;1;5;36;2;3;1;2
139597;16;7;4141362;2973429;1167933;4;1;1;5;5;1;1;5;63;2;3;1;6
139625;16;7;3263690;1971857;1291833;4;1;1;5;5;5;1;5;42;2;13;1;1
139645;16;7;2035052;1261286;773767;3;1;5;5;5;5;5;1;41;2;8;1;2
139663;16;7;2208786;1306286;902500;2;1;1;5;5;5;5;1;51;2;13;1;1
139696;16;7;4467821;2726571;1741250;4;1;1;5;5;5;1;5;36;2;13;1;4
139722;16;7;3157298;2011714;1145583;3;1;1;5;5;5;1;5;37;2;8;1;1
139726;16;7;1195810;683143;512667;1;1;5;5;5;5;1;5;69;4;3;3;0
139736;16;7;2760238;1700571;1059667;1;1;5;5;5;5;5;5;65;4;3;1;1
139766;16;7;3155105;2063571;1091533;4;1;1;5;5;5;5;5;31;2;13;1;1
139793;16;7;2293732;1269857;1023875;4;1;1;5;5;5;5;5;42;2;13;1;2
139811;16;7;2221202;1075286;1145917;2;1;5;5;5;5;1;5;49;4;8;1;1
139848;16;7;5448352;3538286;1910067;5;1;1;5;5;5;1;5;55;2;11;1;1
139900;16;7;6576452;4111286;2465167;7;1;1;5;5;5;5;5;43;2;8;1;2
139935;16;7;4465476;3017143;1448333;4;1;1;5;5;1;1;5;43;2;3;1;2
139956;16;7;2371214;1393714;977500;3;1;1;5;5;5;5;5;42;4;13;1;1
139992;16;7;6291839;3970714;2321125;4;1;1;5;5;1;1;1;40;2;3;1;1
140014;16;7;6144467;3630000;2514467;3;1;1;5;5;5;5;5;47;2;13;1;2
140027;16;7;3314619;1774286;1540333;2;1;1;5;5;5;5;5;56;2;13;1;2
140041;16;7;1405929;807429;598500;1;1;5;5;5;5;5;5;57;4;3;1;1
140063;16;7;6396174;3285857;3110317;3;1;1;5;1;5;5;5;56;2;3;1;2
140104;16;7;10333586;5407286;4926300;5;1;1;5;5;5;5;5;39;2;13;1;1
140131;16;7;5136560;3524143;1612417;4;1;5;5;5;5;5;5;43;2;3;1;1
140159;16;7;5617012;3441429;2175583;4;1;1;5;5;2;5;5;51;2;8;1;4
140192;16;7;4368464;2425714;1942750;4;1;1;5;5;5;5;5;27;2;8;1;1
140226;16;7;5458345;3342429;2115917;5;1;1;5;5;5;5;1;33;2;8;1;2
140237;16;7;2401286;1687286;714000;1;1;1;5;5;5;5;5;66;1;3;1;1
140250;16;7;3466274;2478857;987417;2;1;1;5;5;5;5;5;70;2;3;0;0
140287;16;7;8313202;4435286;3877917;5;1;1;5;5;5;5;5;58;2;8;1;4
140323;16;7;7376238;3938571;3437667;5;1;1;5;5;5;5;5;40;2;3;1;4
140348;16;7;4425262;2397429;2027833;3;1;1;5;1;5;5;5;43;2;8;1;4
140398;16;7;4086190;2559857;1526333;6;1;5;5;1;5;5;5;63;2;3;0;0
140428;16;7;5346571;3278571;2068000;4;1;1;5;5;5;5;5;53;2;13;1;2
140458;16;7;4520393;2864143;1656250;4;1;1;5;5;5;5;5;30;2;13;1;4
140494;16;7;4735512;2928429;1807083;4;1;1;5;5;5;5;5;45;2;3;1;4
140513;16;7;4242738;2648571;1594167;3;1;1;5;5;5;5;5;54;2;13;1;4
140523;16;7;1333726;857143;476583;1;1;5;5;5;5;5;5;51;4;3;1;1
140553;16;7;4985250;3000000;1985250;4;1;1;5;5;5;5;5;32;2;13;1;4
140576;16;7;5028476;3041143;1987333;3;1;1;5;5;5;5;5;66;2;15;1;2
140602;16;7;3957393;2297143;1660250;3;1;1;5;5;5;5;5;39;2;3;1;4
140627;16;7;4257012;2526429;1730583;3;1;1;5;5;5;5;5;43;2;13;1;4
140635;16;7;1927964;1045714;882250;1;1;1;5;5;5;5;5;52;2;15;4;0
140657;16;7;3594071;2126571;1467500;2;1;1;5;5;5;5;5;64;2;3;1;1
140692;16;7;6540714;3721714;2819000;5;1;1;5;5;5;5;5;56;2;8;1;4
140704;16;7;1761571;998571;763000;1;1;1;5;5;5;5;5;61;4;3;1;1
140746;16;7;6939917;3756000;3183917;5;1;1;5;5;5;5;5;36;2;8;1;2
140768;16;7;4504476;2552143;1952333;3;1;1;5;5;5;5;5;41;2;13;1;1
140805;16;7;3410417;2160000;1250417;5;1;1;5;5;5;5;5;37;2;13;1;4
140830;16;7;3975548;2305714;1669833;3;3;1;5;5;5;5;5;56;4;8;1;4
140856;16;7;4260345;2598429;1661917;4;3;1;1;5;5;5;5;39;2;13;1;4
140872;16;7;2840667;1620000;1220667;2;1;1;5;5;5;1;5;29;2;3;4;4
140897;16;7;3010405;2048571;961833;3;3;1;5;5;5;5;5;32;2;3;1;4
140908;16;7;2513631;1894714;618917;1;3;5;5;5;5;5;5;61;3;13;1;5
140927;16;7;5508833;3420000;2088833;3;1;1;5;5;5;5;5;52;2;3;1;4
140947;16;7;3948452;2521286;1427167;2;1;1;5;5;5;5;5;47;2;3;1;4
140966;16;7;2686655;1358571;1328083;2;1;1;5;5;1;1;1;49;4;3;1;5
140983;16;7;4232071;2642571;1589500;3;1;1;5;5;5;5;1;50;2;3;1;4
141007;16;7;3749619;2644286;1105333;3;1;1;5;5;5;5;5;72;2;2;1;4
141048;16;7;5012714;3061714;1951000;5;1;1;5;5;5;1;5;45;2;13;1;4
141080;16;7;3913917;2778000;1135917;4;1;1;5;5;5;5;1;31;2;13;1;4
141108;16;7;2580548;1735714;844833;4;1;1;5;5;5;5;1;49;2;3;1;4
141140;16;7;5678988;3029571;2649417;4;1;1;5;5;5;5;1;39;2;3;1;4
141173;16;7;5470214;3577714;1892500;5;1;1;5;5;5;5;5;29;2;3;1;2
141184;16;7;2556405;1616571;939833;1;3;5;5;5;5;5;5;58;4;3;1;2
141215;16;7;4244060;2537143;1706917;4;1;1;5;1;5;5;5;54;2;3;1;4
141248;16;7;5898274;3342857;2555417;4;1;1;5;5;5;5;5;29;2;3;1;2
141263;16;7;3226226;2057143;1169083;2;1;1;5;5;5;5;5;60;2;3;1;2
141280;16;7;1469488;1088571;380917;2;1;5;5;5;5;5;5;74;3;3;3;0
141300;16;7;4022964;2245714;1777250;3;1;1;5;1;5;5;5;48;2;13;1;4
141331;16;7;6325000;3690000;2635000;4;1;1;5;1;5;5;5;54;2;3;4;0
141353;16;7;5801940;3312857;2489083;3;1;1;5;5;5;5;5;34;2;3;1;4
141400;16;7;7384810;4607143;2777667;5;1;1;5;5;5;5;5;46;2;8;1;4
141431;16;7;4690762;2871429;1819333;4;1;1;5;5;5;5;5;40;2;6;1;2
141446;16;7;2980333;1920000;1060333;2;1;1;5;5;5;5;5;54;2;3;1;2
141475;16;7;7505940;3102857;4403083;3;1;1;1;5;5;5;5;40;2;13;1;2
141482;16;7;2118274;1545857;572417;1;1;1;5;5;5;5;5;78;4;3;0;0
141489;16;7;2682369;1807286;875083;1;1;1;5;5;5;1;1;73;3;3;1;2
141517;16;7;4828405;3128571;1699833;3;1;1;5;5;5;5;5;32;2;8;1;2
141539;16;7;3352452;2233286;1119167;3;1;1;5;5;5;5;5;63;2;3;1;2
141568;16;7;5533726;3167143;2366583;4;1;1;5;5;5;5;5;57;2;3;1;2
141602;16;7;4425488;2978571;1446917;4;1;1;5;5;5;5;5;38;2;11;1;4
141632;16;7;5094024;3612857;1481167;4;1;1;5;5;5;1;5;52;2;3;1;2
141676;16;7;3342726;1967143;1375583;6;1;1;5;5;5;5;5;37;2;13;1;4
141707;16;7;4195155;2768571;1426583;4;1;1;5;5;5;5;5;46;2;3;1;4
141729;16;7;4219310;2375143;1844167;3;1;1;5;1;5;5;5;50;2;3;1;1
141762;16;7;4350726;2627143;1723583;5;1;1;5;5;1;1;5;51;2;3;1;1
141793;16;7;3307012;2211429;1095583;4;1;1;5;5;5;5;5;24;2;3;1;4
141823;16;7;5598464;3145714;2452750;4;1;1;5;1;5;5;5;47;2;3;1;1
141837;16;7;2548988;878571;1670417;1;1;5;5;1;5;5;5;75;4;3;3;1
141863;16;7;4336845;2601429;1735417;4;1;1;5;5;5;1;5;42;2;8;1;4
141875;16;7;2933119;1546286;1386833;1;1;1;5;5;5;5;5;27;1;3;1;4
141891;16;7;2924012;1506429;1417583;2;1;1;5;5;5;5;5;58;2;3;1;4
141913;16;7;4206393;2477143;1729250;3;1;1;5;5;5;5;5;44;2;3;1;2
141945;16;7;6301381;3235714;3065667;4;1;1;1;1;5;5;5;29;2;8;1;4
141977;16;7;4169179;2451429;1717750;4;1;1;5;5;5;5;5;47;2;3;1;4
142018;16;7;4865988;2948571;1917417;5;1;1;5;5;5;5;5;51;2;3;1;1
142041;16;7;2635905;1523571;1112333;3;1;1;5;5;5;5;5;37;4;3;1;4
142066;16;7;3509107;2262857;1246250;3;1;1;5;5;5;5;5;50;2;3;1;2
142107;16;7;4367250;2550000;1817250;6;1;1;5;5;5;5;5;48;2;3;1;4
142136;16;7;3896238;2408571;1487667;4;1;1;5;5;5;5;5;39;2;3;1;4
142159;16;7;4003524;2358857;1644667;3;1;1;5;5;5;5;5;19;2;3;1;2
142177;16;7;2785976;1952143;833833;2;1;1;5;5;5;5;5;46;2;3;1;4
142209;16;7;2917226;1922143;995083;4;1;1;5;5;5;5;5;43;2;3;1;2
142235;16;7;5615976;3560143;2055833;3;1;1;5;5;5;5;5;55;3;13;4;0
142265;16;7;7224167;4080000;3144167;4;1;1;5;5;5;5;5;57;2;3;1;2
142296;16;7;3267786;2284286;983500;4;1;1;5;5;5;5;5;39;2;3;1;2
142309;16;7;4379381;2875714;1503667;2;1;1;5;5;5;5;5;61;2;3;1;2
142347;16;7;8084667;3960000;4124667;5;1;1;1;5;5;5;5;35;2;3;1;2
142407;16;7;5295845;4101429;1194417;7;1;1;5;5;5;5;5;43;2;3;1;4
142432;16;7;4855988;2702571;2153417;3;1;5;5;5;5;5;5;50;2;3;1;1
142438;16;7;2625417;1101000;1524417;1;1;1;5;5;5;5;5;65;4;3;1;1
142461;16;7;6186786;3427286;2759500;3;1;1;5;5;5;5;5;28;2;13;1;4
142488;16;7;2863440;1662857;1200583;4;1;1;5;5;5;5;1;34;2;8;1;4
142535;16;7;4524262;3231429;1292833;6;1;1;5;5;5;5;1;60;2;3;1;1
142554;16;7;4612131;2725714;1886417;3;1;1;5;5;5;5;1;63;2;3;1;4
142585;16;7;3318000;2040000;1278000;4;1;1;5;5;5;5;1;50;2;3;1;4
142613;16;7;5842060;3647143;2194917;4;1;1;1;5;5;5;5;33;2;3;1;4
142638;16;7;3335452;2272286;1063167;4;1;1;5;5;5;5;5;40;2;13;1;4
142658;16;7;3955107;2532857;1422250;3;1;1;5;5;5;5;5;55;2;3;1;4
142677;16;7;3567095;1884429;1682667;2;1;1;5;5;5;5;5;62;2;3;1;1
142714;16;7;4695190;2892857;1802333;4;1;1;5;5;5;5;1;42;2;13;1;2
142726;16;7;4564131;2299714;2264417;2;1;1;5;5;5;5;5;81;2;3;1;4
142745;16;7;3062500;2055000;1007500;2;3;5;5;5;5;5;1;58;2;8;1;2
142764;16;7;2360071;1439571;920500;2;3;1;5;1;5;5;5;80;2;13;1;3
142796;16;7;8141452;5494286;2647167;4;1;1;1;1;5;5;5;42;2;13;1;2
142810;16;7;3831405;2138571;1692833;2;1;1;1;1;5;5;5;64;2;3;1;3
142824;16;7;3819476;2153143;1666333;2;1;1;5;1;5;5;5;49;4;20;1;4
142843;16;7;2151024;1392857;758167;2;1;1;5;5;5;5;5;66;2;8;1;2
142867;16;7;2646333;1794000;852333;3;1;1;5;1;5;5;5;45;2;8;1;2
142912;16;7;6715690;4032857;2682833;5;1;1;5;5;5;1;5;55;2;8;1;4
142937;16;7;4439655;3128571;1311083;3;1;1;5;1;5;1;1;43;2;8;1;1
142956;16;7;3497095;2127429;1369667;2;1;1;1;1;5;5;5;55;2;3;1;2
142968;16;7;3002071;2078571;923500;2;1;5;5;5;5;5;5;78;2;3;1;2
143008;16;7;6340190;3822857;2517333;5;1;1;5;5;5;5;5;45;2;3;1;2
143035;16;7;5362393;3647143;1715250;3;1;1;5;5;5;5;5;27;2;8;1;2
143051;16;7;3946214;2725714;1220500;2;1;1;5;5;5;5;5;45;2;3;1;2
143067;16;7;2345690;1572857;772833;2;1;5;5;5;5;5;5;85;2;3;1;2
143091;16;7;4982738;3314571;1668167;3;1;1;5;5;5;5;5;45;2;3;1;2
143102;16;7;3520619;2164286;1356333;2;1;1;5;5;5;5;5;58;2;3;1;2
143135;16;7;5348464;3595714;1752750;4;1;1;5;5;5;5;5;48;2;3;1;2
143161;16;7;4238750;2790000;1448750;3;1;1;5;5;5;5;5;43;2;3;1;2
143175;16;7;3695155;2408571;1286583;2;1;1;5;5;5;5;5;63;2;3;1;2
143200;16;7;5738174;2205257;3532917;3;1;1;5;5;5;5;5;64;2;3;1;3
143230;16;7;3979129;2497629;1481500;4;1;1;5;5;5;5;5;52;2;13;1;4
143251;16;7;2015481;1272814;742667;2;1;1;5;5;5;5;5;63;2;3;1;4
143293;16;7;3364198;2738614;625583;6;1;1;5;5;5;5;5;56;2;3;1;4
143332;16;7;2135505;1590171;545333;5;1;1;5;5;5;5;5;49;2;3;1;4
143363;16;7;1759119;1369286;389833;4;1;5;5;5;5;5;1;41;2;3;1;4
143414;16;7;3394314;2195314;1199000;7;1;1;5;5;5;5;5;46;2;3;1;2
143445;16;7;2465188;1721271;743917;4;1;1;5;5;5;5;5;46;2;3;1;4
143471;16;7;1203900;828900;375000;3;1;5;5;5;5;5;5;46;3;3;1;2
143505;16;7;2597990;1391657;1206333;4;1;1;5;5;5;5;5;39;2;3;1;2
143520;16;7;10599548;5725714;4873833;2;1;5;1;1;5;5;5;78;2;3;1;3
143539;16;7;7845552;4096286;3749267;3;1;1;1;1;5;5;5;56;2;13;1;3
143574;16;7;3559155;1922571;1636583;4;1;1;1;1;5;5;5;40;2;20;1;4
143583;16;7;5490557;2510143;2980414;1;1;1;1;1;5;5;5;67;4;3;1;3
143621;16;7;3444833;2163000;1281833;5;1;1;5;1;5;5;5;51;2;3;1;1
143653;16;7;2146952;1336286;810667;4;1;1;5;5;5;1;5;36;2;3;1;1
143678;16;7;15417845;5385429;10032417;3;1;1;1;1;5;5;5;46;2;13;1;1
143715;16;7;4176333;2901000;1275333;5;1;1;5;1;5;1;5;48;2;3;1;1
143747;16;7;3047036;2023286;1023750;4;1;1;5;5;5;5;5;41;2;8;1;1
143763;16;7;2509570;1273286;1236285;3;1;1;5;1;5;5;5;28;2;20;1;4
143785;16;7;5114587;2786593;2327994;3;1;1;1;1;5;5;5;51;2;13;1;1
143816;16;7;7246939;4537753;2709186;4;1;1;5;1;5;5;5;68;2;13;1;3
143822;16;7;1896050;1218300;677750;1;1;5;5;5;5;5;5;49;4;3;1;1
143853;16;7;5918710;3464143;2454567;4;1;1;5;1;5;5;5;51;2;13;1;1
143873;16;7;2988695;1778829;1209867;2;1;1;5;5;5;5;5;59;4;8;1;1
143900;16;7;4063455;3041571;1021883;4;1;1;5;5;5;5;5;49;2;3;1;5
143908;16;7;2656241;1865627;790614;1;1;5;5;5;5;5;5;63;4;3;1;1
143939;16;7;5509208;3128687;2380521;4;1;1;5;1;5;5;5;45;2;21;1;4
143966;16;7;6844963;3991431;2853532;3;1;1;1;1;5;5;5;52;2;13;1;2
143992;16;7;1765566;1341373;424193;4;1;1;5;5;5;5;5;40;2;8;1;4
144039;16;7;5844100;3476100;2368000;6;1;1;5;5;5;5;5;45;2;3;1;1
144092;16;7;5727121;3286371;2440750;7;1;1;5;5;5;1;5;44;2;3;1;2
144122;16;7;7734476;4073143;3661333;4;1;1;1;1;5;5;5;40;2;21;1;1
144161;16;7;8096583;4077000;4019583;5;1;1;1;5;5;5;5;44;2;3;1;1
144194;16;7;4693774;2556857;2136917;4;1;1;5;5;5;5;5;36;2;3;1;4
144243;16;7;4348533;2914200;1434333;6;1;5;5;1;5;5;5;44;2;3;1;4
144264;16;7;1754526;1155943;598583;3;1;5;5;5;5;5;5;45;3;3;1;1
144305;16;7;21336355;8318271;13018083;5;1;1;1;1;5;5;5;38;2;8;1;1
144343;16;7;6634495;3907911;2726583;5;1;1;5;5;5;5;5;53;2;3;0;0
144378;16;7;4882321;2989071;1893250;4;1;5;5;5;5;5;5;33;2;13;1;4
144385;16;7;761181;488014;273167;1;1;5;5;5;5;5;1;60;4;3;3;0
144414;16;7;4776821;2576571;2200250;4;1;1;5;5;5;5;5;39;2;13;1;1
144462;16;7;2614290;1393457;1220833;6;1;1;5;5;5;5;5;38;2;8;1;4
144489;16;7;4188126;2329543;1858583;3;1;1;5;5;5;5;5;46;4;15;1;1
144500;16;7;1551278;1147444;403833;2;3;5;5;5;5;5;5;55;2;3;1;4
144535;16;7;3165050;1861800;1303250;4;1;1;5;5;5;5;5;36;2;9;1;4
144556;16;7;4608943;2115943;2493000;3;1;1;5;5;5;5;5;47;2;3;1;2
144580;16;7;5040670;2498670;2542000;3;1;1;5;1;5;5;5;49;2;3;1;2
144629;16;7;9470114;4762114;4708000;6;1;1;5;5;5;1;5;58;2;15;1;1
144656;16;7;7696769;4103186;3593583;4;1;1;5;5;5;5;5;55;2;3;1;2
144682;16;7;5130679;2358429;2772250;3;1;1;5;5;5;5;5;39;2;3;1;4
144722;16;7;4131429;2541429;1590000;5;1;1;5;5;5;5;5;38;2;13;1;2
144751;16;7;1825583;1143000;682583;4;2;1;5;5;5;5;5;44;2;8;1;4
144794;16;7;3715976;2324143;1391833;5;1;1;5;5;5;5;1;52;2;3;1;1
144806;16;7;2315131;1477714;837417;2;3;1;5;5;5;5;5;64;4;3;3;0
144833;16;7;3264107;1821857;1442250;3;1;1;5;5;5;5;5;48;2;15;1;4
144870;16;7;2358250;1500000;858250;5;1;1;5;5;5;5;5;55;2;21;1;4
144900;16;7;1968036;1234286;733750;4;1;1;5;5;5;5;5;33;2;15;1;1
144923;16;7;4812071;2708571;2103500;3;1;1;1;5;5;5;5;53;2;3;1;2
144941;16;7;3682940;1587857;2095083;2;1;1;5;5;5;5;5;41;2;13;1;1
144992;16;7;4323976;2627143;1696833;7;1;1;5;5;5;5;5;42;2;8;1;4
145025;16;7;7830833;4440000;3390833;4;1;1;1;5;5;5;5;56;2;15;1;2
145052;16;7;9051012;5121429;3929583;3;1;1;5;5;5;5;5;53;2;3;1;1
145070;16;7;5182512;3171429;2011083;3;1;1;5;5;5;5;5;22;1;3;1;1
145115;16;7;7016357;4212857;2803500;6;1;1;5;5;5;5;5;41;2;15;1;1
145143;16;7;9579786;4774286;4805500;4;1;1;1;1;5;5;5;35;2;19;1;1
145153;16;7;4501940;1692857;2809083;1;1;5;5;5;5;5;5;63;4;0;3;0
145188;16;7;5860845;3381429;2479417;5;1;1;5;5;5;5;5;30;2;8;1;4
145209;16;7;5026214;3217714;1808500;3;1;1;5;1;5;5;5;31;2;15;1;4
145240;16;7;4487774;2622857;1864917;4;1;1;5;5;5;5;5;66;2;3;1;1
145265;16;7;3263926;1696286;1567640;4;4;1;5;5;5;5;5;34;2;15;1;4
145298;16;7;5540652;3350486;2190167;4;4;1;5;5;5;5;5;35;2;15;1;4
145323;16;7;5719034;3831857;1887177;3;4;1;5;5;5;5;5;53;2;3;1;4
145353;16;7;4609723;2849486;1760237;4;4;1;5;5;5;5;5;36;2;8;1;4
145368;16;7;5346274;3816857;1529417;2;4;1;5;5;5;5;5;35;2;15;1;4
145390;16;7;3713745;2112857;1600888;3;4;1;5;5;5;5;5;42;2;15;1;4
145419;16;7;3709848;2219014;1490833;4;4;1;5;5;5;5;5;39;2;3;1;4
145449;16;7;9270949;3588857;5682092;4;4;1;5;5;5;5;5;41;2;13;1;4
145477;16;7;7619328;3504857;4114471;3;4;1;5;5;5;5;5;48;2;13;1;4
145494;16;7;2843250;1755000;1088250;2;4;1;5;5;5;5;5;57;2;3;1;4
145524;16;7;5315905;3062571;2253333;4;1;1;5;5;1;5;5;58;2;6;1;4
145569;16;7;4670224;2943557;1726667;5;1;1;5;5;5;5;5;33;2;3;1;4
145597;16;7;12002955;3254121;8748833;4;1;5;1;5;1;5;5;36;2;3;1;4
145623;16;7;6303869;3274286;3029583;3;1;1;1;5;5;5;5;47;2;8;1;1
145636;16;7;3327476;1565143;1762333;2;1;1;5;5;5;5;5;64;2;3;1;1
145669;16;7;6993367;3911700;3081667;4;1;1;5;5;5;5;1;34;2;8;1;4
145678;16;7;2086500;1371000;715500;1;1;1;5;5;5;5;5;57;3;8;1;4
145703;16;7;8688893;5285143;3403750;3;1;1;1;1;5;5;5;53;2;11;1;1
145740;16;7;3744333;2169000;1575333;5;1;1;1;5;5;5;5;39;2;3;1;1
145778;16;7;5322500;3564000;1758500;5;1;1;5;5;5;5;1;40;2;3;1;4
145822;16;7;7753369;5026286;2727083;5;1;1;5;5;5;5;5;35;2;8;1;4
145872;16;7;6889167;4041000;2848167;7;1;1;5;5;5;5;5;47;2;15;1;4
145923;16;7;8816355;5007771;3808583;6;1;1;1;5;5;5;5;43;2;19;1;4
145954;16;7;6621464;4651714;1969750;4;1;1;5;5;5;5;1;33;2;3;1;4
145983;16;7;13281833;9069000;4212833;4;1;1;5;1;5;5;5;44;2;13;1;4
146026;16;7;7286702;4396286;2890417;5;1;1;5;5;5;5;5;38;2;8;1;1
146056;16;7;4038708;2199300;1839408;4;1;1;5;5;5;5;5;44;2;13;1;4
146089;16;7;7331798;5179714;2152083;4;1;5;5;1;5;5;5;35;2;13;1;4
146122;16;7;5485776;3348643;2137133;4;2;5;5;5;5;5;5;28;2;3;1;4
146155;16;7;4479286;3082286;1397000;3;2;1;5;5;5;5;5;46;2;8;1;1
146193;16;7;6392988;4496571;1896417;5;1;1;5;5;5;5;5;63;2;3;1;4
146224;16;7;4335176;2692843;1642333;4;1;1;1;1;5;5;5;29;2;13;1;1
146231;16;7;2717798;1480714;1237083;1;1;5;5;5;5;5;5;66;4;3;3;0
146241;16;7;4947524;2805857;2141667;1;1;5;5;1;5;5;5;71;4;5;3;0
146264;16;7;9377155;4028571;5348583;3;1;1;1;1;5;5;5;67;2;21;1;1
146297;16;7;2163655;1319571;844083;4;1;1;5;5;5;5;5;48;3;3;1;4
146316;16;7;5202369;2524286;2678083;2;1;1;5;5;5;5;5;63;4;3;3;0
146342;16;7;5372143;3797143;1575000;3;1;1;5;5;2;5;5;63;2;3;1;4
146370;16;7;8511369;5239286;3272083;4;3;1;1;1;5;5;5;43;2;13;1;4
146404;16;7;3860702;2194286;1666417;4;1;1;1;5;5;5;5;40;2;13;3;1
146436;16;7;8653893;4733143;3920750;4;1;5;5;1;5;5;5;45;2;3;1;4
146469;16;7;10013607;6198857;3814750;4;1;1;5;1;5;5;5;57;2;3;1;4
146499;16;7;9704048;5899714;3804333;4;1;1;5;5;5;5;5;48;2;3;1;4
146536;16;7;7807488;4730571;3076917;4;1;1;5;5;5;5;5;47;2;13;1;4
146565;16;7;7331976;3863143;3468833;3;1;1;5;5;5;5;5;46;2;13;1;4
146578;16;7;4801893;2606143;2195750;1;1;1;5;5;5;5;5;38;2;13;1;4
146593;16;7;6514560;3290143;3224417;2;1;1;5;5;5;5;5;69;4;3;1;1
146609;16;7;6248940;3237857;3011083;2;1;1;5;5;5;5;5;31;2;3;1;4
146636;16;7;7375857;4344857;3031000;3;1;1;5;1;5;5;5;67;2;14;1;1
146665;16;7;9676964;6220714;3456250;4;1;1;1;1;5;5;5;37;2;19;1;4
146702;16;7;6223476;3707143;2516333;4;1;1;5;1;5;5;5;53;2;13;1;4
146749;16;7;6105298;3805714;2299583;5;1;5;5;1;2;5;5;55;2;8;1;4
146790;16;7;5462393;3221143;2241250;5;1;1;5;1;5;5;5;48;2;8;1;1
146829;16;7;9479119;4954286;4524833;5;1;1;1;1;2;5;5;53;2;21;1;4
146867;16;7;5872893;3167143;2705750;5;1;1;5;5;5;5;5;57;2;8;1;1
146900;16;7;7158000;4521000;2637000;4;1;1;5;1;5;5;5;47;2;13;1;4
146925;16;7;6289131;3955714;2333417;3;1;1;5;1;5;5;5;62;2;13;1;1
146964;16;7;5337917;3039000;2298917;5;1;1;5;5;5;5;5;58;2;13;1;4
146996;16;7;5981619;3685286;2296333;4;1;1;5;5;5;5;5;58;2;8;1;4
147022;16;7;6768000;3882000;2886000;4;1;1;5;1;5;5;5;49;2;13;1;4
147048;16;7;3564095;2025429;1538667;3;1;1;5;1;5;5;5;65;2;8;1;1
147068;16;7;6530798;3508714;3022083;3;1;1;1;1;5;5;5;57;2;13;1;1
147103;16;7;4475524;2832857;1642667;5;1;1;5;5;2;5;1;33;2;8;1;3
147134;16;7;6375948;3422614;2953333;4;1;1;5;1;5;5;5;46;2;3;1;4
147175;16;7;8559619;5335286;3224333;5;1;1;1;5;5;5;5;55;2;3;1;3
147216;16;7;3912512;2460429;1452083;5;1;1;5;5;1;1;1;50;2;13;1;1
147251;16;7;4207571;2360571;1847000;5;1;1;5;5;5;5;5;54;2;8;1;1
147288;16;7;4157548;2977714;1179833;5;2;1;5;5;1;1;1;39;2;3;1;1
147328;16;7;3828798;2425714;1403083;5;1;1;5;5;1;5;5;64;2;13;1;1
147351;16;7;3356862;2018529;1338333;3;1;1;5;5;1;1;1;56;2;3;1;4
147390;16;7;6181881;3631714;2550167;5;1;1;5;5;1;1;1;37;2;13;1;4
147411;16;7;6990738;4562571;2428167;3;4;1;1;5;5;5;5;29;2;23;1;4
147423;16;7;3336536;2092286;1244250;2;1;1;5;5;5;5;5;54;4;3;3;0
147449;16;7;3529643;1430143;2099500;3;3;1;5;5;1;1;1;51;2;13;1;4
147473;16;7;2235762;1281429;954333;3;1;5;5;5;5;5;5;49;2;3;1;2
147513;16;7;5676643;3557143;2119500;5;1;1;1;5;5;5;5;39;2;13;1;2
147551;16;7;3848131;2134714;1713417;5;1;1;5;5;5;5;5;46;2;3;1;4
147584;16;7;4136381;2473714;1662667;4;1;1;5;5;5;5;5;30;2;13;1;4
147602;16;7;5143333;2967000;2176333;3;1;1;5;5;5;5;5;58;2;3;1;4
147640;16;7;2809143;1817143;992000;5;1;1;5;5;5;5;5;47;2;3;1;4
147673;16;7;5274179;2937429;2336750;4;2;1;5;5;5;5;5;38;2;13;1;4
147699;16;7;8782988;5408571;3374417;3;1;1;5;5;5;5;5;38;3;13;1;1
147733;16;7;18916036;6154286;12761750;5;1;1;1;1;5;5;5;57;2;13;1;4
147771;16;7;9635964;5521714;4114250;5;2;1;5;5;5;5;5;50;3;13;1;1
147812;16;7;6647643;3260143;3387500;5;1;1;1;1;5;5;5;40;2;21;1;1
147851;16;7;4952226;2918143;2034083;5;2;1;5;5;5;1;1;44;2;8;1;4
147857;16;7;5046274;2742857;2303417;1;1;1;5;1;5;5;5;60;3;21;3;0
147877;16;7;7772333;4410000;3362333;2;1;1;1;1;5;5;5;53;2;13;1;1
147900;16;7;9215536;4504286;4711250;3;1;1;5;1;5;5;5;51;2;13;1;4
147946;16;7;7036583;3333000;3703583;6;1;1;1;1;5;5;5;43;2;21;1;4
147989;16;7;5463226;3326143;2137083;5;1;1;5;5;5;5;5;45;2;13;1;4
148008;16;7;3625733;1622400;2003333;3;3;5;5;1;5;5;5;65;4;3;1;6
148044;16;7;5653364;2340947;3312417;4;1;5;1;1;5;5;5;50;2;13;1;1
148060;16;7;4729062;1862396;2866667;2;1;5;5;5;5;5;5;54;4;13;0;0
148108;16;7;5371114;3396197;1974917;6;2;5;5;1;2;1;1;57;2;3;1;4
148154;16;7;7372429;4119429;3253000;6;1;1;5;5;2;1;1;49;2;13;1;1
148182;16;7;10079902;6105986;3973917;4;1;1;5;1;5;5;5;59;2;13;1;4
148213;16;7;12726057;5222057;7504000;4;1;1;5;1;5;5;5;53;2;13;4;0
148242;16;7;11467805;5574471;5893333;4;1;1;5;5;5;5;5;61;2;18;4;0
148263;16;7;7637798;3823714;3814083;3;1;1;5;5;5;5;5;30;1;15;4;0
148277;16;7;2597488;1685571;911917;1;1;1;5;5;5;5;5;61;2;3;1;4
148319;16;7;6053988;4598571;1455417;6;1;1;1;5;5;5;5;43;2;13;1;1
148346;16;7;2853071;1802571;1050500;3;2;1;5;5;5;5;5;49;2;3;1;4
148383;16;7;7921726;4907143;3014583;5;1;1;1;5;5;5;5;34;2;19;1;4
148402;16;7;4073690;2904857;1168833;3;1;1;5;5;5;5;5;28;2;3;1;4
148448;16;7;5843000;3780000;2063000;6;1;1;5;5;5;5;5;43;2;3;1;4
148495;16;7;3663929;2319429;1344500;6;1;1;5;5;5;5;5;51;2;13;1;1
148520;16;7;2708833;1800000;908833;3;1;1;5;5;5;5;5;54;2;13;1;4
148539;16;7;3021131;1615714;1405417;3;1;1;5;5;5;5;5;58;2;8;1;4
148566;16;7;2537000;1485000;1052000;4;1;1;5;5;5;5;5;32;2;8;1;4
148589;16;7;7194131;3355714;3838417;3;1;1;5;5;5;5;5;52;2;13;1;4
148634;16;7;9961179;5625429;4335750;5;1;1;5;5;5;5;5;47;2;13;1;4
148656;16;7;7806426;4403143;3403283;3;1;1;5;5;5;5;5;33;2;3;1;3
148669;16;7;5936071;3818571;2117500;2;1;5;5;1;1;5;5;78;2;8;1;2
148711;16;7;9241976;5237143;4004833;5;1;1;5;5;5;5;5;43;2;3;1;4
148727;16;7;7330202;4351286;2978917;2;1;5;5;1;5;5;5;21;2;13;1;6
148746;16;7;6269774;2982857;3286917;2;1;1;5;5;5;5;5;35;2;3;1;4
148792;16;7;10454095;6249429;4204667;7;1;5;5;1;5;5;5;53;2;8;1;4
148811;16;7;7481671;4685571;2796100;2;1;1;5;5;5;5;5;55;4;3;3;0
148876;16;7;10614381;5572714;5041667;8;1;1;5;5;5;5;5;49;2;13;1;4
148908;16;7;5040983;3255900;1785083;4;1;1;5;5;5;5;5;38;2;3;1;1
148942;16;7;5946490;3469157;2477333;4;1;1;5;5;5;5;5;31;2;3;1;1
148968;16;7;7676179;3438429;4237750;3;1;1;5;5;5;5;5;41;2;8;1;1
149000;16;7;3404267;1991100;1413167;4;1;1;5;5;2;1;5;41;2;3;1;1
149028;16;7;6469012;3621429;2847583;3;1;1;5;1;5;5;5;54;2;3;1;4
149053;16;7;7811690;4755857;3055833;3;1;1;5;5;5;5;5;35;2;19;1;3
149085;16;7;7590643;4589143;3001500;4;1;1;5;5;5;5;5;45;2;3;1;2
149120;16;7;7062274;3726857;3335417;4;1;1;1;5;5;5;5;47;2;8;1;1
149143;16;7;5334500;3183000;2151500;3;1;1;5;5;5;5;5;52;2;4;1;2
149173;16;7;7419274;2604857;4814417;4;1;1;5;5;5;5;5;36;2;3;1;2
149214;16;7;5489750;3540000;1949750;5;1;1;5;5;5;5;1;49;2;3;1;4
149252;16;7;5776333;3189000;2587333;5;1;1;5;5;5;5;5;56;2;13;1;1
149281;16;7;5753214;3487714;2265500;4;1;1;5;5;1;1;1;46;2;3;1;4
149301;16;7;3834240;1758857;2075383;3;1;1;5;5;5;5;1;74;2;3;1;2
149339;16;7;7111767;3540000;3571767;4;1;1;5;5;5;5;5;65;4;3;1;2
149374;16;7;7200940;3939857;3261083;4;1;1;1;5;5;1;5;45;2;8;1;1
149415;16;7;5767893;3050143;2717750;5;1;1;5;5;5;5;5;63;2;3;1;2
149440;16;7;4704798;2041714;2663083;3;1;1;5;5;5;5;1;41;2;15;1;1
149454;16;7;2141040;1385957;755083;2;1;1;5;5;5;5;5;66;4;3;3;0
149471;16;7;3211286;1219286;1992000;2;1;1;5;5;5;5;5;52;2;13;1;1
149488;16;7;6199679;3492429;2707250;3;1;1;5;5;5;5;5;25;2;3;1;4
149514;16;7;5385655;2942571;2443083;3;1;1;5;5;5;5;5;41;2;3;1;4
149564;16;7;13164357;8601857;4562500;6;1;1;1;5;5;5;5;50;2;3;1;2
149589;16;7;4496917;3204000;1292917;4;1;1;5;5;5;5;5;43;2;3;1;4
149627;16;7;7960869;4654286;3306583;4;1;1;5;5;5;5;5;50;2;3;1;5
149655;16;7;4779667;2916000;1863667;4;1;1;5;5;5;5;5;33;2;8;1;5
149686;16;7;4474131;3055714;1418417;4;1;1;5;5;5;5;5;35;2;8;1;5
149726;16;7;4241929;2310429;1931500;5;1;1;5;5;5;5;5;43;2;3;1;5
149765;16;7;7461310;3365143;4096167;5;1;1;5;5;5;5;5;62;2;3;1;5
149796;16;7;6167562;3416229;2751333;3;1;1;5;5;5;5;5;46;2;3;1;5
149812;16;7;2977679;1212429;1765250;2;3;1;5;5;5;5;5;57;4;13;1;1
149849;16;7;4731345;2931429;1799917;4;1;1;5;5;5;5;5;40;2;15;1;4
149875;16;7;5098238;3224571;1873667;3;1;1;1;5;5;5;5;56;2;3;1;2
149902;16;7;6654940;3594857;3060083;3;1;1;5;1;5;5;5;49;2;13;1;4
149926;16;7;4849738;2504571;2345167;3;1;1;5;5;5;5;5;32;2;13;1;4
149965;16;7;7783607;4455857;3327750;5;1;1;5;5;5;5;5;37;2;15;1;4
150000;16;7;4199345;2520429;1678917;4;1;5;5;1;5;5;5;36;2;13;1;4
150043;16;7;11125036;4222286;6902750;5;1;1;5;1;5;5;5;69;2;13;4;0
150078;16;7;3389595;1677429;1712167;4;1;1;5;5;5;5;5;41;2;13;1;5
150127;16;7;5585381;3007714;2577667;6;1;1;5;5;5;5;5;40;2;13;1;4
150168;16;7;2368976;1877143;491833;6;3;5;5;5;2;1;1;43;2;3;1;4
150192;16;7;4790714;3421714;1369000;3;3;1;5;5;5;5;5;60;2;8;4;0
150229;16;7;4001369;2608286;1393083;5;3;1;5;5;5;1;1;49;2;8;1;4
150259;16;7;5075726;3626143;1449583;4;3;1;5;5;5;5;1;46;2;3;1;4
150297;16;7;7418310;4793143;2625167;5;3;1;5;5;5;5;5;51;2;13;1;4
150334;16;7;2525024;1839857;685167;5;3;5;5;5;1;1;1;37;2;3;1;4
150383;16;7;12442381;6004714;6437667;6;3;1;5;1;5;5;5;56;2;13;1;4
150419;16;7;4912488;3251571;1660917;5;3;1;5;5;2;1;1;37;2;3;1;4
150451;16;7;2607440;1752857;854583;4;3;1;5;5;5;5;5;29;2;3;1;4
150488;16;7;3691690;2580857;1110833;5;3;1;5;5;5;5;5;39;2;13;1;4
150520;16;7;4052321;2444571;1607750;4;3;1;5;5;5;5;5;39;2;8;1;4
150552;16;7;7895095;5055429;2839667;4;1;1;5;1;5;5;5;41;2;13;1;1
150591;16;7;10857810;5276143;5581667;6;1;1;1;1;5;5;1;65;2;0;1;2
150620;16;7;10024833;5343000;4681833;3;1;1;5;5;5;5;5;49;2;13;1;4
150643;16;7;5684476;2786143;2898333;3;2;1;5;5;5;5;5;32;2;8;1;4
150670;16;7;6562250;3348000;3214250;4;1;1;5;5;5;5;5;41;2;8;1;2
150700;16;7;5333774;3636857;1696917;4;1;1;5;5;5;5;5;37;2;13;1;4
150741;16;7;8059643;4175143;3884500;5;1;1;5;5;5;5;5;41;2;3;1;2
150757;16;7;4827893;2876143;1951750;2;1;1;5;1;5;5;1;58;2;8;1;2
150779;16;7;4189060;2375143;1813917;3;3;1;5;5;5;5;5;37;2;13;1;3
150814;16;7;5238032;2638157;2599875;4;1;1;5;5;5;5;5;35;2;8;1;5
150846;16;7;6586202;4030286;2555917;4;1;1;5;5;1;1;5;37;2;3;1;4
150883;16;7;4467917;2253000;2214917;4;1;1;5;5;5;5;5;47;2;3;1;1
150909;16;7;2397310;1202143;1195167;3;1;1;5;5;5;1;5;56;4;3;3;0
150944;16;7;6221369;3694286;2527083;4;1;1;5;5;5;5;5;35;2;3;1;4
150962;16;7;4296619;3022286;1274333;2;1;1;5;5;1;1;1;65;2;3;1;1
150993;16;7;5541762;3141429;2400333;4;1;1;5;5;1;5;5;37;2;3;1;4
151028;16;7;8438976;5546143;2892833;4;1;1;5;1;1;5;5;41;2;8;1;4
151053;16;7;2373821;1205571;1168250;3;1;1;5;5;5;5;5;54;4;14;1;1
151098;16;7;7922286;5350286;2572000;6;1;1;5;1;5;5;5;23;2;13;1;5
151120;16;7;4512310;2612143;1900167;3;1;1;5;5;5;5;5;49;2;3;1;1
151127;16;7;4461238;2018571;2442667;1;1;1;1;1;5;5;5;69;4;3;3;3
151156;16;7;3763583;2544000;1219583;3;1;1;5;5;5;5;5;27;2;3;1;1
151183;16;7;6212560;4472143;1740417;4;1;1;5;5;5;5;5;30;2;8;3;0
151223;16;7;8496119;5251286;3244833;6;1;1;5;5;5;5;5;63;2;0;1;1
151267;16;7;5257321;3341571;1915750;5;1;1;5;5;5;5;5;46;2;3;1;4
151304;16;7;8096274;5322857;2773417;5;1;1;5;5;5;5;5;27;2;3;1;4
151360;16;7;10197500;6090000;4107500;7;1;1;1;5;5;5;5;44;2;3;1;3
151413;16;7;6424571;4007571;2417000;7;1;1;5;5;5;1;5;51;2;8;1;1
151439;16;7;5648560;3737143;1911417;3;1;1;5;5;5;5;5;30;2;4;1;5
151472;16;7;4622310;3113143;1509167;4;1;1;5;5;1;1;1;46;2;3;1;4
151523;16;7;4526512;2988429;1538083;7;3;5;5;5;1;1;5;36;2;15;1;4
151547;16;7;5908381;4441714;1466667;3;1;1;5;5;1;1;5;58;2;3;1;1
151580;16;7;5438440;3276857;2161583;4;1;1;5;5;5;5;5;32;2;3;1;4
151616;16;7;5292107;3609857;1682250;4;4;1;5;5;5;5;5;39;2;3;1;4
151627;16;7;1801619;1099286;702333;1;1;5;5;1;5;5;5;80;4;3;3;0
151655;16;7;4406631;3076714;1329917;4;1;1;5;5;1;1;5;30;2;8;1;4
151719;16;7;6352893;4574143;1778750;8;1;1;5;5;1;5;1;60;4;0;3;0
151746;16;7;7798214;4027714;3770500;3;1;1;1;5;5;5;5;32;2;21;1;4
151782;16;7;9983405;6179571;3803833;4;1;1;5;5;5;5;5;52;2;3;1;1
151799;16;7;5606226;3287143;2319083;2;1;1;5;5;5;5;5;53;2;8;1;1
151830;16;7;6995964;4135714;2860250;4;1;1;5;5;5;5;5;48;2;3;1;4
151861;16;7;8028774;5532857;2495917;4;1;1;5;5;5;5;5;41;2;3;1;4
151890;16;7;10082250;5880000;4202250;4;1;1;1;5;5;5;5;53;2;13;1;4
151915;16;7;10522250;5850000;4672250;3;1;1;1;5;5;5;5;46;2;13;1;3
151947;16;7;12417940;5142857;7275083;4;1;1;5;5;5;5;5;49;2;8;1;4
151954;16;7;2576905;1838571;738333;1;1;1;5;5;5;5;5;62;3;3;3;0
151975;16;7;5484048;3055714;2428333;3;1;1;5;5;5;5;5;50;2;3;1;1
152008;16;7;4214976;2867143;1347833;4;1;1;5;5;5;5;5;36;2;13;1;1
152033;16;7;8392202;4522286;3869917;3;1;1;1;5;5;5;5;33;2;13;1;1
152048;16;7;6199988;3398571;2801417;2;1;1;1;5;5;5;5;37;2;13;1;4
152081;16;7;4292440;2640857;1651583;4;1;1;5;5;5;5;5;48;2;3;1;2
152105;16;7;3368917;2223000;1145917;3;1;1;5;5;5;5;5;36;2;3;1;2
152120;16;7;3739810;2255143;1484667;2;1;1;5;5;5;5;5;55;4;3;1;4
152148;16;7;4620036;2989286;1630750;3;1;1;5;5;5;5;5;55;2;3;1;2
152170;16;7;6234179;3705429;2528750;3;1;1;5;1;5;5;5;70;2;3;1;2
152179;16;7;1359524;867857;491667;1;1;5;5;5;5;5;5;62;4;3;1;2
152195;16;7;3159643;1472143;1687500;2;1;1;5;5;5;5;5;66;2;3;1;3
152219;16;7;3265333;1938000;1327333;3;1;1;5;5;5;5;5;63;2;3;1;2
152252;16;7;5672917;3660000;2012917;4;1;1;5;5;5;5;5;52;2;8;1;4
152294;16;7;7429298;4885714;2543583;6;1;1;5;5;5;1;5;37;2;8;1;4
152328;16;7;2381726;1697143;684583;4;1;5;5;5;5;1;5;47;2;3;1;4
152334;16;7;1352119;835286;516833;1;1;5;5;5;5;5;5;50;4;3;1;1
152350;16;7;3492024;2040857;1451167;2;3;1;5;5;5;5;5;43;3;13;1;3
152396;16;7;4799369;3307286;1492083;5;1;1;5;5;5;5;5;43;2;3;1;4
152429;16;7;3401488;2048571;1352917;4;1;1;5;5;5;5;5;54;2;3;1;2
152476;16;7;6380298;4207714;2172583;6;1;1;5;5;5;1;5;47;2;13;1;1
152507;16;7;2920333;1827000;1093333;4;3;1;5;5;5;5;5;37;2;13;1;2
152537;16;7;4301405;2828571;1472833;4;3;1;5;5;2;5;5;36;2;8;1;2
152570;16;7;5577214;3859714;1717500;3;3;1;5;5;5;5;5;35;2;13;1;1
152620;16;7;4996119;3169286;1826833;6;1;1;5;5;5;5;5;63;2;3;1;2
152662;16;7;2192821;1355571;837250;5;1;1;5;5;5;5;5;35;2;3;1;4
152677;16;7;4555369;3142286;1413083;2;1;1;5;5;5;5;5;51;3;3;1;1
152708;16;7;4724476;2795143;1929333;4;1;1;5;1;5;1;5;51;2;8;1;2
152735;16;7;3106595;1965429;1141167;4;1;1;5;5;2;5;5;41;2;3;1;4
152763;16;7;3932000;2550000;1382000;3;1;5;5;5;2;5;5;49;2;3;1;4
152794;16;7;2263548;1417714;845833;4;3;1;5;5;5;5;5;39;2;3;1;4
152833;16;7;3902774;2241857;1660917;4;1;1;5;5;5;5;5;34;2;8;1;4
152862;16;7;2913631;1906714;1006917;4;1;1;5;5;5;5;5;45;2;13;1;4
152901;16;7;3658679;2418429;1240250;5;1;1;5;5;5;5;5;54;2;3;4;0
152939;16;7;9502500;4446000;5056500;5;1;1;1;1;5;5;5;37;2;13;1;5
152977;16;7;7524738;4208571;3316167;5;1;1;5;5;5;5;5;47;2;3;1;3
153011;16;7;13621464;4795714;8825750;4;1;1;1;1;5;5;5;32;2;24;1;1
153041;16;7;7703357;4128857;3574500;4;1;1;5;5;5;5;5;46;2;13;1;4
153056;16;7;7123500;2820000;4303500;3;1;1;1;5;5;5;5;47;2;20;1;4
153091;16;7;6212905;3002571;3210333;4;1;1;5;1;5;5;5;45;2;13;1;4
153123;16;7;7620762;3183429;4437333;4;1;1;5;1;5;5;5;63;2;21;4;0
153157;16;7;6847012;3906429;2940583;4;1;1;5;5;5;5;5;45;2;13;1;4
153188;16;7;8512024;5472857;3039167;4;1;1;5;5;5;5;5;58;2;13;1;4
153212;16;7;4521488;2648571;1872917;3;1;1;5;5;5;5;5;38;2;13;1;2
153246;16;7;4176762;2976429;1200333;4;1;1;5;5;5;5;5;49;2;3;1;2
153277;16;7;3915083;2361000;1554083;4;1;1;5;5;5;5;5;57;2;3;1;2
153311;16;7;2792119;1924286;867833;4;1;1;5;5;5;5;5;38;2;8;1;4
153322;16;7;1526964;868714;658250;2;1;1;5;5;5;5;5;25;3;8;1;1
153353;16;7;4686988;3368571;1318417;4;1;1;5;5;5;5;5;54;2;3;1;4
153386;16;7;1758381;925714;832667;4;1;1;5;5;5;5;5;38;2;3;1;4
153413;16;7;6446964;4837714;1609250;3;1;1;5;1;5;5;5;43;2;8;1;5
153434;16;7;1681929;798429;883500;2;1;1;5;5;5;5;5;58;4;3;1;5
153439;16;7;3640512;2376429;1264083;1;1;1;5;1;5;5;5;73;4;3;0;0
153477;16;7;6595595;4791429;1804167;4;1;1;5;1;5;5;5;36;2;8;1;1
153504;16;7;3740333;2430000;1310333;4;1;1;5;5;5;5;5;62;2;3;0;0
153515;16;7;4383857;2562857;1821000;2;1;1;5;5;5;5;5;66;2;8;1;4
153524;16;7;1247671;804171;443500;1;1;5;5;5;5;5;5;73;4;0;0;0
153554;16;7;6155964;4375714;1780250;4;1;1;5;5;5;5;5;65;2;3;1;1
153577;16;7;3538643;2417143;1121500;2;1;1;5;5;5;5;5;62;2;3;1;1
153607;16;7;5670321;3257571;2412750;4;1;1;5;5;5;5;5;52;2;3;1;1
153630;16;7;3710060;1946143;1763917;3;1;1;5;1;5;5;5;41;2;8;1;4
153665;16;7;3234536;1522286;1712250;4;1;1;5;5;5;5;5;39;2;3;1;1
153698;16;7;5261500;3480000;1781500;4;1;1;5;5;5;5;5;59;2;8;4;0
153740;16;7;1454155;947571;506583;5;1;1;5;5;5;5;5;35;2;3;1;1
153775;16;7;5882536;3814286;2068250;4;1;1;5;1;5;5;5;51;2;3;1;4
153794;16;7;3701012;1995429;1705583;2;1;1;5;1;5;5;5;64;2;3;1;1
153808;16;7;2656893;1529143;1127750;2;1;1;5;5;5;5;5;57;2;3;1;1
153823;16;7;8434714;3475714;4959000;2;1;1;1;1;5;5;5;53;2;21;1;4
153845;16;7;4237333;2928000;1309333;3;1;1;5;1;5;5;5;69;2;0;1;1
153890;16;7;4354524;3042857;1311667;6;1;1;5;5;5;5;5;39;2;8;1;4
153917;16;7;3751405;2501571;1249833;3;1;1;5;5;5;5;5;43;2;3;1;1
153950;16;7;3679214;2338714;1340500;4;1;1;5;5;5;5;5;58;2;3;1;5
153963;16;7;2777250;1728000;1049250;2;1;1;5;5;5;5;5;54;2;3;1;1
153979;16;7;1359798;1045714;314083;2;1;5;5;5;5;5;5;73;2;3;4;0
153993;16;7;2865714;1999714;866000;2;1;5;5;5;5;5;1;71;2;3;1;1
154027;16;7;3575357;2493857;1081500;4;1;1;5;5;5;5;5;48;2;8;1;2
154049;16;7;3757655;2612571;1145083;3;1;1;5;5;5;5;1;58;2;8;1;4
154070;16;7;4482845;3345429;1137417;3;1;1;5;5;5;5;5;51;2;3;1;2
154106;16;7;5528619;3328286;2200333;5;1;5;5;5;2;1;1;40;2;3;1;4
154142;16;7;5548226;3797143;1751083;4;1;1;5;5;2;1;5;39;2;9;1;1
154165;16;7;4458964;2635714;1823250;3;1;1;5;5;5;5;5;55;2;3;1;1
154186;16;7;2939155;1892571;1046583;2;1;1;5;5;5;5;5;71;2;3;0;0
154205;16;7;5738310;3779143;1959167;3;1;1;5;5;5;5;5;25;2;3;1;1
154236;16;7;3753881;2656714;1097167;3;1;5;5;5;1;1;1;37;2;3;1;1
154266;16;7;6277440;4632857;1644583;4;1;1;5;5;5;5;5;59;2;3;1;1
154286;16;7;6791679;4731429;2060250;3;1;1;5;5;5;5;5;48;2;3;1;2
154309;16;7;4260274;2652857;1607417;3;1;1;5;5;5;5;5;61;2;3;1;2
154338;16;7;5153250;3660000;1493250;3;1;1;5;5;5;5;5;54;2;13;1;2
154350;16;7;5206310;3683143;1523167;2;1;1;5;1;5;5;5;71;2;3;1;2
154376;16;7;5982012;3831429;2150583;3;1;1;5;5;5;5;5;36;2;13;1;2
154389;16;7;3310405;2168571;1141833;2;1;5;5;5;5;5;5;72;2;3;1;2
154430;16;7;6009143;3947143;2062000;4;1;1;5;5;5;5;5;28;2;3;1;2
154460;16;7;7317786;5134286;2183500;4;1;1;5;5;5;5;5;41;2;8;1;2
154474;16;7;5297833;3240000;2057833;2;1;1;5;5;5;5;5;64;2;3;1;2
154512;16;7;4619714;3355714;1264000;5;1;1;5;5;5;5;5;29;2;13;1;2
154524;16;7;2071583;1176000;895583;1;1;5;5;5;5;5;5;86;4;0;3;0
154544;16;7;4853393;2687143;2166250;3;1;1;5;5;5;5;5;50;2;8;1;2
154576;16;7;5819607;2772857;3046750;4;1;1;1;1;5;5;5;38;2;13;1;4
154607;16;7;4777500;3150000;1627500;4;1;1;5;5;5;5;5;50;2;3;1;1
154631;16;7;2716679;1911429;805250;3;1;1;5;5;5;5;5;74;4;3;0;0
154645;16;7;2836500;1770000;1066500;2;1;1;5;5;5;5;5;69;2;3;1;2
154685;16;7;5257536;3484286;1773250;5;1;1;5;5;5;5;5;41;2;3;1;2
154702;16;7;3679619;2044286;1635333;2;1;1;5;5;5;5;5;73;2;3;1;2
154729;16;7;5683214;3175714;2507500;3;1;1;5;5;5;5;5;40;2;8;1;1
154750;16;7;6693714;3115714;3578000;3;1;1;5;5;5;5;5;54;2;14;1;1
154789;16;7;5609988;3368571;2241417;5;1;1;5;5;5;5;5;48;2;3;1;1
154795;16;7;2599012;1671429;927583;1;1;5;5;5;5;5;5;75;4;3;1;2
154832;16;7;5657024;3822857;1834167;5;1;1;5;5;5;5;5;46;2;8;1;2
154852;16;7;2825702;1714286;1111417;2;1;1;5;5;5;5;5;73;2;3;1;2
154876;16;7;4865881;3208714;1657167;3;1;1;5;5;5;5;5;68;4;3;1;2
154907;16;7;5083869;3034286;2049583;4;1;1;5;1;5;5;5;45;2;8;1;1
154946;16;7;6268702;3304286;2964417;5;1;1;5;5;5;5;5;39;2;14;1;3
154964;16;7;3629095;2181429;1447667;2;1;1;5;1;5;5;5;82;2;3;1;2
154993;16;7;4962214;3115714;1846500;4;1;1;5;5;5;5;5;44;2;9;1;1
155017;16;7;3331940;1805357;1526583;3;1;1;5;5;5;5;5;56;2;8;1;2
155048;16;7;3508533;2048700;1459833;4;1;1;5;1;5;5;5;44;2;8;1;6
155073;16;7;3322417;2244000;1078417;3;1;1;5;5;5;5;5;49;4;3;1;2
155111;16;7;2549357;1692857;856500;4;1;1;5;5;5;5;5;32;2;13;1;2
155138;16;7;2870155;2003571;866583;4;1;1;5;5;5;5;5;43;2;3;1;5
155158;16;7;3811774;2211857;1599917;2;1;1;5;1;5;5;5;57;2;3;1;2
155191;16;7;2432507;1681757;750750;4;1;1;5;5;5;5;5;34;2;13;1;2
155225;16;7;2625976;1697143;928833;4;1;1;5;5;5;5;5;41;4;3;1;2
155252;16;7;3330857;2163857;1167000;3;1;1;5;5;5;5;5;38;2;3;1;2
155272;16;7;2015286;1012286;1003000;2;1;1;5;5;5;5;5;29;4;21;1;2
155298;16;7;2952702;1909286;1043417;4;1;1;5;5;5;5;5;37;2;13;1;4
155341;16;7;2193964;1324714;869250;5;1;1;5;5;5;5;5;38;2;8;1;5
155355;16;7;4025429;2757429;1268000;2;1;1;5;5;5;5;5;64;2;3;1;2
155394;16;7;3341655;2135571;1206083;6;1;1;5;1;5;5;5;38;2;13;1;2
155421;16;7;2291952;1384286;907667;3;1;1;5;5;5;5;5;40;2;3;1;2
155444;16;7;3516405;2395071;1121333;3;1;1;5;5;5;5;5;54;4;3;1;2
155471;16;7;2839774;1743857;1095917;4;1;1;5;5;5;5;5;71;2;3;1;2
155512;16;7;4718976;3131143;1587833;5;1;1;5;5;5;5;5;45;2;3;1;4
155548;16;7;4208357;2580857;1627500;4;1;1;5;5;5;5;5;48;2;3;1;2
155575;16;7;2710143;1766143;944000;3;1;1;5;5;5;5;5;32;2;8;1;2
155599;16;7;5252405;3362571;1889833;3;1;1;5;5;5;5;5;54;2;3;1;5
155635;16;7;5885512;3426429;2459083;4;1;1;5;1;5;5;5;50;2;3;1;5
155665;16;7;4703833;3060000;1643833;4;1;1;5;5;5;5;5;39;2;3;1;4
155689;16;7;5828976;3182143;2646833;4;1;1;5;1;5;5;5;36;2;21;1;1
155717;16;7;6147619;3919286;2228333;4;1;1;5;5;5;5;5;42;2;8;1;4
155753;16;7;4755774;3147857;1607917;4;1;1;5;5;5;5;5;31;2;3;1;4
155768;16;7;4548560;2795143;1753417;2;1;1;5;1;5;5;5;56;2;3;1;5
155791;16;7;5327655;3392571;1935083;3;1;1;5;1;5;5;5;43;2;8;1;4
155821;16;7;5614262;3705429;1908833;3;1;1;5;1;5;5;5;31;2;8;1;5
155836;16;7;4300762;2742429;1558333;2;1;1;5;5;5;5;5;88;2;3;1;1
155852;16;7;2245369;1654286;591083;2;1;5;5;5;5;1;1;78;2;4;4;1
155881;16;7;3810845;2490429;1320417;4;1;1;5;1;5;5;5;47;2;3;1;2
155904;16;7;3389524;2433857;955667;3;1;1;5;5;5;5;1;50;2;3;1;1
155923;16;7;3353798;2095714;1258083;2;1;1;5;5;5;5;5;61;2;3;1;1
155946;16;7;6062821;2543571;3519250;3;1;1;5;5;5;5;5;55;2;11;4;1
155963;16;7;5077167;3255000;1822167;2;1;1;5;5;5;5;5;53;4;8;1;1
155971;16;7;1364560;857143;507417;2;1;5;5;5;5;1;1;80;4;3;0;0
155999;16;7;3680643;2627143;1053500;3;1;1;5;5;5;1;1;51;2;3;1;1
156023;16;7;6124238;3166071;2958167;3;1;1;5;1;5;5;5;37;2;13;1;3
156066;16;7;4339171;3060171;1279000;5;3;1;5;5;5;1;1;49;2;13;1;1
156091;16;7;3580657;3008657;572000;3;1;5;5;5;5;5;1;83;4;3;4;0
156107;16;7;2494857;1845857;649000;2;1;5;5;5;5;5;5;73;2;3;1;1
156144;16;7;3759571;2753571;1006000;5;1;1;5;5;5;5;5;58;2;3;1;1
156175;16;7;2863024;2148857;714167;4;1;1;5;5;5;5;5;42;2;3;1;5
156203;16;7;4484286;3040286;1444000;4;1;1;5;1;5;5;5;40;2;3;1;1
156228;16;7;5219631;3859714;1359917;3;1;1;5;5;5;5;5;49;2;3;1;2
156261;16;7;8228107;5559857;2668250;4;1;1;5;1;5;5;5;42;2;11;1;1
156291;16;7;1889828;1208571;681257;4;1;1;5;5;5;1;5;32;2;8;1;5
156309;16;7;2915131;1954714;960417;2;1;1;5;5;5;5;5;71;4;3;3;0
156336;16;7;1987262;1461429;525833;3;1;1;5;5;5;5;5;31;2;3;1;4
156361;16;7;5475226;2687143;2788083;3;1;1;5;5;5;5;5;36;2;8;1;2
156391;16;7;2923262;1707429;1215833;4;1;1;5;5;5;5;1;41;2;3;1;1
156425;16;7;3011667;1182000;1829667;4;1;1;5;5;5;5;5;41;4;3;1;2
156431;16;7;2088026;797443;1290583;1;1;5;5;5;5;5;5;78;4;0;1;2
156450;16;7;3973833;1746000;2227833;2;1;1;5;5;5;5;5;44;3;3;1;2
156459;16;7;935500;396000;539500;1;1;5;5;5;5;5;5;63;4;0;3;0
156473;16;7;3893310;2711143;1182167;2;1;1;5;5;5;5;5;73;2;3;1;1
156509;16;7;5870476;3509143;2361333;5;1;1;5;5;5;5;5;49;2;8;1;2
156541;16;7;5943833;2685000;3258833;4;1;1;5;5;2;5;1;40;2;3;1;2
156581;16;7;4904726;3083143;1821583;5;1;1;5;5;5;5;5;29;2;3;1;2
156605;16;7;5914940;3852857;2062083;3;1;1;5;5;5;1;1;54;2;3;1;2
156622;16;7;3107774;1512857;1594917;2;1;5;5;5;5;5;5;66;4;3;1;2
156650;16;7;5110119;3274286;1835833;3;1;1;5;5;5;1;1;40;2;9;1;2
156674;16;7;6363762;4311429;2052333;3;1;1;5;5;5;5;5;34;2;13;1;2
156707;16;7;9091048;6535714;2555333;4;1;1;5;5;5;5;5;50;2;3;1;2
156716;16;7;4596964;2623714;1973250;2;1;1;5;5;5;1;1;45;3;3;1;1
156740;16;7;5562000;3690000;1872000;3;1;1;5;5;5;5;5;33;2;15;1;2
156756;16;7;3145500;1560000;1585500;2;1;5;5;5;5;5;5;93;2;3;1;2
156780;16;7;11374964;5725714;5649250;3;1;1;1;5;5;5;5;39;3;8;1;2
156807;16;7;5750226;3797143;1953083;3;1;1;5;5;5;5;5;41;2;3;1;2
156825;16;7;2776798;1837714;939083;2;1;5;5;5;5;5;5;85;2;3;1;2
156855;16;7;4622750;3360000;1262750;3;1;1;5;5;5;5;5;30;2;21;1;3
156862;16;7;7080286;3184286;3896000;2;1;1;1;5;5;5;5;51;2;8;1;2
156883;16;7;3667071;2258571;1408500;2;1;1;5;5;5;5;5;66;2;3;1;2
156914;16;7;2969000;2184000;785000;4;1;1;5;5;5;5;5;32;2;3;1;2
156927;16;7;4341524;2142857;2198667;2;1;1;5;5;5;5;5;56;2;3;1;2
156951;16;7;7871131;4984714;2886417;3;1;1;5;5;5;5;5;45;2;8;1;1
156984;16;7;4898405;2822571;2075833;4;1;1;5;5;5;5;5;49;2;3;1;2
157005;16;7;8367048;4765714;3601333;3;1;1;5;5;2;5;5;31;2;13;1;4
157021;16;7;1864940;1245857;619083;2;1;5;5;5;5;5;5;82;2;3;1;2
157032;16;7;1331857;633857;698000;1;1;5;5;5;5;5;5;59;4;3;1;3
157086;16;7;5541429;3891429;1650000;7;1;1;5;5;1;1;5;43;2;3;1;5
157094;16;7;1918619;844286;1074333;1;1;5;5;5;5;1;5;60;3;3;1;2
157135;16;7;5556262;3231429;2324833;6;1;1;5;5;5;5;5;55;2;3;1;2
157160;16;7;4481357;2352857;2128500;3;1;1;5;5;5;5;5;51;2;11;1;2
157179;16;7;2576131;1255714;1320417;3;1;1;5;5;5;5;5;45;3;3;1;2
157222;16;7;6609857;3132857;3477000;5;1;1;5;1;5;5;5;41;2;3;1;2
157253;16;7;4558726;2987143;1571583;4;1;1;5;5;5;5;5;40;2;3;1;2
157290;16;7;2921560;1937143;984417;5;1;1;5;5;5;1;5;48;4;3;1;2
157340;16;7;5321607;3672857;1648750;6;1;5;5;5;5;5;5;46;2;3;1;2
157357;16;7;2989464;2071714;917750;3;1;5;5;5;2;5;1;60;2;8;0;0
157389;16;7;2565679;1797429;768250;4;1;1;5;5;5;5;5;30;2;3;1;1
157422;16;7;7458000;4290000;3168000;4;1;5;5;5;5;5;5;44;2;13;1;4
157435;16;7;5356750;3726000;1630750;2;1;5;5;5;5;5;5;78;2;3;1;4
157454;16;7;7482833;4137000;3345833;3;1;1;1;1;5;5;1;59;2;3;1;1
157496;16;7;3693464;2557714;1135750;5;1;5;5;5;5;1;5;38;2;3;1;3
157549;16;7;5226533;3305700;1920833;7;1;1;5;1;5;5;5;46;2;3;4;0
157580;16;7;6475143;3497143;2978000;4;1;1;1;1;5;5;5;35;2;13;1;1
157618;16;7;16826526;7809943;9016583;5;1;1;1;1;5;5;5;51;2;21;1;3
157653;16;7;3892274;2748857;1143417;4;1;1;5;1;5;5;5;51;2;3;1;1
157679;16;7;5542050;3241800;2300250;4;1;5;5;5;5;5;5;41;2;3;1;4
157707;16;7;5892881;3914314;1978567;4;1;1;5;5;5;5;5;50;2;3;1;3
157739;16;7;3471184;2307857;1163327;4;1;5;5;5;5;1;1;54;2;0;1;4
157791;16;7;2558607;1787057;771550;7;3;5;5;5;2;1;5;34;2;3;1;1
157813;16;7;6474498;4025914;2448583;3;1;1;5;5;5;5;5;54;2;8;1;2
157837;16;7;6906012;4020429;2885583;3;1;5;5;1;5;5;5;49;2;3;1;1
157873;16;7;2431398;1792414;638983;5;3;5;5;5;5;5;5;33;2;0;1;4
157911;16;7;5501971;3582214;1919757;5;1;1;5;5;5;5;5;58;2;0;1;1
157927;16;7;2218224;1124057;1094167;2;1;5;5;5;5;5;5;47;4;0;1;1
157950;16;7;5741771;3324771;2417000;3;3;5;5;5;5;5;5;34;2;8;1;4
158003;16;7;3552157;2568000;984157;6;1;5;5;5;1;5;5;56;2;0;1;4
158031;16;7;3875226;2141143;1734083;4;1;1;5;5;5;5;5;35;2;13;1;4
158056;16;7;4237505;2769171;1468333;3;1;5;5;5;1;1;5;56;2;0;1;4
158065;16;7;1403321;815571;587750;1;1;5;5;5;5;5;5;60;4;0;1;5
158112;16;7;4116245;2474829;1641417;7;2;1;5;5;5;5;5;29;2;0;1;4
158168;16;7;3073305;2218971;854333;7;1;5;5;5;1;1;1;41;2;3;1;4
158206;16;7;2325302;1561886;763417;5;1;5;5;5;5;5;5;36;2;0;1;4
158245;16;7;3908629;2011629;1897000;5;1;1;5;5;5;5;5;63;2;0;1;1
158299;16;7;3459895;1805229;1654667;7;1;5;5;5;5;5;5;41;2;0;1;4
158328;16;7;1827971;1072971;755000;4;3;1;5;5;5;5;5;30;2;13;1;1
158371;16;7;7699595;3606429;4093167;5;1;1;1;1;5;5;5;52;2;13;1;3
158402;16;7;4649798;3535714;1114083;4;2;5;5;5;5;5;5;52;2;3;1;6
158426;16;7;3227750;2409000;818750;2;2;5;5;5;5;5;5;62;2;3;1;3
158452;16;7;4200488;2594571;1605917;4;1;5;5;5;5;5;5;49;2;3;1;4
158478;16;7;6240333;4299000;1941333;3;1;5;5;5;5;5;5;65;2;3;1;3
158498;16;7;5321798;3913714;1408083;3;1;5;5;1;5;5;5;26;2;3;1;4
158539;16;7;8068702;5812286;2256417;5;1;5;5;5;5;5;5;30;2;3;1;4
158571;16;7;2584012;1974429;609583;4;2;5;5;5;5;5;5;29;2;3;1;4
158613;16;7;5534369;3901286;1633083;6;1;5;5;5;5;1;5;35;2;3;1;2
158641;16;7;7871619;4489286;3382333;3;1;5;5;5;5;5;5;20;2;3;1;4
158685;16;7;7978048;5137714;2840333;6;1;1;5;5;5;5;5;45;2;8;1;2
158716;16;7;3706464;2488714;1217750;4;1;1;5;5;5;1;1;38;2;3;1;5
158734;16;7;4353381;2200714;2152667;2;1;1;5;5;5;5;5;49;4;8;1;3
158760;16;7;6828548;4057714;2770833;4;1;1;5;1;5;5;5;44;2;3;1;2
158787;16;7;4595286;3079286;1516000;3;1;1;5;5;5;5;5;32;2;3;1;5
158806;16;7;5901536;4081286;1820250;3;1;1;5;5;5;5;5;51;2;3;1;2
158838;16;7;5079179;3531429;1547750;4;1;1;5;5;5;5;5;39;2;3;1;4
158868;16;7;4724702;2704286;2020417;4;1;1;5;1;5;5;5;40;2;8;1;2
158889;16;7;3113690;2202857;910833;2;1;5;5;5;5;1;5;58;2;3;3;0
158911;16;7;4495571;3155571;1340000;3;3;1;5;5;5;5;5;30;2;13;4;4
158930;16;7;3743095;2301429;1441667;2;1;1;5;5;5;5;5;54;2;3;1;2
158954;16;7;5977179;3603429;2373750;3;1;1;5;5;5;5;5;53;2;3;1;2
158968;16;7;3961940;2622857;1339083;2;1;1;5;5;5;5;5;55;2;3;1;2
158984;16;7;4483988;2651571;1832417;2;1;5;5;1;5;5;5;56;2;3;1;3
159026;16;7;8574179;6021429;2552750;5;1;1;5;5;5;5;5;53;2;8;1;2
159064;16;7;11384417;5514000;5870417;5;1;1;1;1;2;5;5;49;2;3;1;3
159106;16;7;10145321;5960571;4184750;5;1;1;5;5;5;5;5;51;2;13;1;2
159138;16;7;8890857;5700857;3190000;4;1;1;5;5;5;5;5;56;2;3;1;2
159167;16;7;7774810;5198143;2576667;4;1;1;5;5;5;5;5;32;2;3;1;2
159195;16;7;6859083;4374000;2485083;4;1;1;5;5;5;5;5;49;2;3;1;2
159232;16;7;8291440;6186857;2104583;4;1;1;5;5;5;5;1;41;2;4;1;1
159269;16;7;15742988;6992571;8750417;5;1;1;5;1;5;5;5;58;2;3;1;3
159303;16;7;7355607;5676857;1678750;4;1;1;5;5;5;5;1;46;2;8;1;1
159340;16;7;5893036;3922286;1970750;4;1;1;5;5;5;1;1;39;2;8;1;5
159371;16;7;13207262;8031429;5175833;4;1;1;5;1;5;5;5;38;2;13;1;2
159387;16;7;2566571;2018571;548000;2;3;5;5;5;5;5;5;38;2;3;1;1
159424;16;7;7026179;4401429;2624750;5;1;1;5;5;5;5;5;39;2;3;1;2
159457;16;7;12240786;8233286;4007500;4;1;1;5;5;5;5;5;48;2;3;1;2
159465;16;7;1433500;930000;503500;1;1;5;5;5;5;5;5;66;4;3;3;0
159479;16;7;2945333;2235000;710333;2;1;5;5;5;5;5;5;39;2;8;1;1
159513;16;7;3942833;2580000;1362833;4;1;1;5;5;5;1;1;38;2;8;1;1
159547;16;7;2669226;1730143;939083;4;2;1;5;5;5;1;1;38;2;3;1;1
159566;16;7;2676893;1658143;1018750;3;1;1;5;5;5;5;5;35;2;3;1;1
159587;16;7;1820667;1017000;803667;2;1;1;5;5;5;5;5;61;2;3;1;1
159616;16;7;3602786;2473286;1129500;4;1;1;5;5;5;1;1;51;2;3;1;1
159645;16;7;3987190;2643857;1343333;4;1;1;1;1;5;5;5;48;2;3;1;3
159670;16;7;2791190;1794857;996333;3;1;1;5;5;2;5;5;46;4;8;1;2
159683;16;7;2277167;1176000;1101167;2;1;1;5;1;2;5;1;73;2;3;1;3
159708;16;7;3543321;2195571;1347750;3;1;1;5;5;2;5;5;29;2;21;1;1
159725;16;7;3082048;1885714;1196333;2;1;1;5;5;5;5;5;52;2;3;1;1
159776;16;7;3449048;2491714;957333;6;1;5;5;5;5;5;5;72;4;3;4;0
159799;16;7;3526481;2501314;1025167;3;1;1;5;5;1;5;1;66;2;3;1;2
159829;16;7;2367143;1598143;769000;4;1;1;5;5;5;1;5;40;2;3;1;4
159867;16;7;6988810;4478143;2510667;5;1;1;5;1;1;5;5;50;2;3;1;1
159900;16;7;2801183;1895100;906083;4;1;1;5;5;5;5;5;32;2;8;1;4
159932;16;7;3702186;2325686;1376500;4;1;1;5;5;5;5;5;43;2;3;1;1
159948;16;7;1985000;1344000;641000;2;1;5;5;5;5;5;5;63;2;3;1;2
159990;16;7;4923750;2781000;2142750;5;1;1;5;1;5;5;5;50;2;11;1;4
160005;16;7;1129929;741429;388500;2;1;5;5;5;5;5;5;61;2;3;1;1
160018;16;7;4117193;2835943;1281250;2;1;1;5;5;5;5;5;60;4;3;1;2
160052;16;7;2965262;1674429;1290833;4;1;1;5;1;5;5;5;33;2;3;1;4
160100;16;7;4527905;3167571;1360333;6;1;1;5;5;5;5;5;44;2;3;1;2
160140;16;7;2440774;1542857;897917;5;1;1;5;5;5;5;5;36;2;3;1;4
160157;16;7;1238738;665571;573167;2;1;5;5;5;5;5;5;66;2;3;1;1
160191;16;7;2588631;1567714;1020917;4;1;1;5;5;5;5;5;58;2;3;1;4
160233;16;7;2857429;2049429;808000;6;1;1;5;5;5;5;5;46;2;3;1;4
160268;16;7;4825524;2685857;2139667;5;1;1;5;1;5;1;5;63;4;3;1;3
160297;16;7;3293131;1564714;1728417;4;1;1;5;1;5;5;5;35;2;13;1;4
160329;16;7;2500738;1568571;932167;4;1;1;5;1;5;5;5;44;2;3;1;4
160373;16;7;5815607;3162857;2652750;5;1;1;5;1;5;5;5;63;2;3;1;3
160405;16;7;2479988;1490571;989417;4;1;1;5;5;5;5;5;45;2;3;1;1
160419;16;7;1321226;854143;467083;2;1;5;5;5;5;5;1;65;2;3;1;1
160450;16;7;2479631;1594714;884917;4;1;1;5;5;5;5;1;59;2;3;1;1
160468;16;7;1540286;892286;648000;2;1;5;5;5;5;5;1;63;2;3;1;3
160488;16;7;2470202;1732286;737917;3;1;5;5;5;5;5;5;26;2;3;1;1
160514;16;7;3402810;2306143;1096667;3;1;5;5;5;5;5;1;60;2;3;1;1
160544;16;7;2623702;1861286;762417;4;1;1;5;5;5;5;1;33;2;3;1;1
160566;16;7;2208571;1403571;805000;3;1;1;5;5;5;5;5;25;2;9;1;1
160591;16;7;2703524;1779857;923667;3;1;1;5;5;5;5;5;36;2;3;1;1
160620;16;7;2788667;1956000;832667;4;1;5;5;5;2;1;1;36;2;3;1;1
