Rata_pengeluaran_rumah_tangga,Rata_pengeluaran_makanan,Rata_pengeluaran_bukan_makanan,Jumlah_anggota_rumah_tangga,Status_kepemilikan_rumah,Memiliki_sepeda_motor,Memiliki_mobil,Memiliki_emas_perhiasan_10gram,Penerima_KKS,Penerima_PKH,Penerima_BPNT,Umur_kepala_rumah_tangga,Status_perkawinan_kepala,Pendidikan_tinggi_kepala,Status_kegiatan_krt,Status_pekerjaan_utama_krt,Label
8084667,3960000,4124667,5,0,1,1,0,0.0,0,0,35,1,2,0.0,1.0,0
4724476,2795143,1929333,4,0,1,0,1,0.0,1,0,51,1,6,0.0,1.0,0
4825524,2685857,2139667,5,0,1,0,1,0.0,1,0,63,3,2,0.0,2.0,0
6240333,4299000,1941333,3,0,0,0,0,0.0,0,0,65,1,2,0.0,2.0,0
3002071,2078571,923500,2,0,0,0,0,0.0,0,0,78,1,2,0.0,1.0,0
3979129,2497629,1481500,4,0,1,0,0,0.0,0,0,52,1,9,0.0,3.0,0
7978048,5137714,2840333,6,0,1,0,0,0.0,0,0,45,1,6,0.0,1.0,0
1825583,1143000,682583,4,1,1,0,0,0.0,0,0,44,1,6,0.0,3.0,1
7330202,4351286,2978917,2,0,0,0,1,0.0,0,0,21,1,9,0.0,5.0,0
3575357,2493857,1081500,4,0,1,0,0,0.0,0,0,48,1,6,0.0,1.0,0
4564131,2299714,2264417,2,0,1,0,0,0.0,0,0,81,1,2,0.0,3.0,0
4300762,2742429,1558333,2,0,1,0,0,0.0,0,0,88,1,2,0.0,0.0,0
3908629,2011629,1897000,5,0,1,0,0,0.0,0,0,63,1,0,0.0,0.0,0
5819607,2772857,3046750,4,0,1,1,1,0.0,0,0,38,1,9,0.0,3.0,0
4703833,3060000,1643833,4,0,1,0,0,0.0,0,0,39,1,2,0.0,3.0,0
5885512,3426429,2459083,4,0,1,0,1,0.0,0,0,50,1,2,0.0,4.0,0
5842060,3647143,2194917,4,0,1,1,0,0.0,0,0,33,1,2,0.0,3.0,0
1551278,1147444,403833,2,2,0,0,0,0.0,0,0,55,1,2,0.0,3.0,0
6144467,3630000,2514467,3,0,1,0,0,0.0,0,0,47,1,9,0.0,1.0,0
4695190,2892857,1802333,4,0,1,0,0,0.0,0,1,42,1,9,0.0,1.0,0
6199988,3398571,2801417,2,0,1,1,0,0.0,0,0,37,1,9,0.0,3.0,0
2345690,1572857,772833,2,0,0,0,0,0.0,0,0,85,1,2,0.0,1.0,0
21336355,8318271,13018083,5,0,1,1,1,0.0,0,0,38,1,6,0.0,0.0,0
2135505,1590171,545333,5,0,1,0,0,0.0,0,0,49,1,2,0.0,3.0,1
3912512,2460429,1452083,5,0,1,0,0,1.0,1,1,50,1,9,0.0,0.0,0
9983405,6179571,3803833,4,0,1,0,0,0.0,0,0,52,1,2,0.0,0.0,0
7418310,4793143,2625167,5,2,1,0,0,0.0,0,0,51,1,9,0.0,3.0,0
3211286,1219286,1992000,2,0,1,0,0,0.0,0,0,52,1,9,0.0,0.0,0
5882536,3814286,2068250,4,0,1,0,1,0.0,0,0,51,1,2,0.0,3.0,0
6530798,3508714,3022083,3,0,1,1,1,0.0,0,0,57,1,9,0.0,0.0,0
3961940,2622857,1339083,2,0,1,0,0,0.0,0,0,55,1,2,0.0,1.0,0
5322500,3564000,1758500,5,0,1,0,0,0.0,0,1,40,1,2,0.0,3.0,0
6248940,3237857,3011083,2,0,1,0,0,0.0,0,0,31,1,2,0.0,3.0,0
4849738,2504571,2345167,3,0,1,0,0,0.0,0,0,32,1,9,0.0,3.0,0
5918710,3464143,2454567,4,0,1,0,1,0.0,0,0,51,1,9,0.0,0.0,0
8392202,4522286,3869917,3,0,1,1,0,0.0,0,0,33,1,9,0.0,0.0,0
4368464,2425714,1942750,4,0,1,0,0,0.0,0,0,27,1,6,0.0,0.0,0
6859083,4374000,2485083,4,0,1,0,0,0.0,0,0,49,1,2,0.0,1.0,0
13207262,8031429,5175833,4,0,1,0,1,0.0,0,0,38,1,9,0.0,1.0,0
1321226,854143,467083,2,0,0,0,0,0.0,0,1,65,1,2,0.0,0.0,0
4996119,3169286,1826833,6,0,1,0,0,0.0,0,0,63,1,2,0.0,1.0,0
6540714,3721714,2819000,5,0,1,0,0,0.0,0,0,56,1,6,0.0,3.0,0
5130679,2358429,2772250,3,0,1,0,0,0.0,0,0,39,1,2,0.0,3.0,0
4548560,2795143,1753417,2,0,1,0,1,0.0,0,0,56,1,2,0.0,4.0,0
2840667,1620000,1220667,2,0,1,0,0,0.0,1,0,29,1,2,3.0,3.0,0
5334500,3183000,2151500,3,0,1,0,0,0.0,0,0,52,1,3,0.0,1.0,0
7798214,4027714,3770500,3,0,1,1,0,0.0,0,0,32,1,15,0.0,3.0,0
2146952,1336286,810667,4,0,1,0,0,0.0,1,0,36,1,2,0.0,0.0,1
6167562,3416229,2751333,3,0,1,0,0,0.0,0,0,46,1,2,0.0,4.0,0
7753369,5026286,2727083,5,0,1,0,0,0.0,0,0,35,1,6,0.0,3.0,0
1203900,828900,375000,3,0,0,0,0,0.0,0,0,46,2,2,0.0,1.0,1
6720948,4912114,1808833,4,0,1,0,0,1.0,0,1,62,1,2,0.0,1.0,0
2293732,1269857,1023875,4,0,1,0,0,0.0,0,0,42,1,9,0.0,1.0,0
2607440,1752857,854583,4,2,1,0,0,0.0,0,0,29,1,2,0.0,3.0,0
2513631,1894714,618917,1,2,0,0,0,0.0,0,0,61,2,9,0.0,4.0,0
3810845,2490429,1320417,4,0,1,0,1,0.0,0,0,47,1,2,0.0,1.0,0
5182512,3171429,2011083,3,0,1,0,0,0.0,0,0,22,0,2,0.0,0.0,0
5719034,3831857,1887177,3,3,1,0,0,0.0,0,0,53,1,2,0.0,3.0,0
6124238,3166071,2958167,3,0,1,0,1,0.0,0,0,37,1,9,0.0,2.0,0
2801183,1895100,906083,4,0,1,0,0,0.0,0,0,32,1,6,0.0,3.0,0
7111767,3540000,3571767,4,0,1,0,0,0.0,0,0,65,3,2,0.0,1.0,0
4425488,2978571,1446917,4,0,1,0,0,0.0,0,0,38,1,8,0.0,3.0,0
3410417,2160000,1250417,5,0,1,0,0,0.0,0,0,37,1,9,0.0,3.0,0
3010405,2048571,961833,3,2,1,0,0,0.0,0,0,32,1,2,0.0,3.0,0
7699595,3606429,4093167,5,0,1,1,1,0.0,0,0,52,1,9,0.0,2.0,0
5463226,3326143,2137083,5,0,1,0,0,0.0,0,0,45,1,9,0.0,3.0,0
3394314,2195314,1199000,7,0,1,0,0,0.0,0,0,46,1,2,0.0,1.0,1
10024833,5343000,4681833,3,0,1,0,0,0.0,0,0,49,1,9,0.0,3.0,0
9051012,5121429,3929583,3,0,1,0,0,0.0,0,0,53,1,2,0.0,0.0,0
4619714,3355714,1264000,5,0,1,0,0,0.0,0,0,29,1,9,0.0,1.0,0
4141393,2798143,1343250,2,0,1,0,0,0.0,0,0,61,1,6,0.0,0.0,0
7871131,4984714,2886417,3,0,1,0,0,0.0,0,0,45,1,6,0.0,0.0,0
7806426,4403143,3403283,3,0,1,0,0,0.0,0,0,33,1,2,0.0,2.0,0
4022964,2245714,1777250,3,0,1,0,1,0.0,0,0,48,1,9,0.0,3.0,0
7194131,3355714,3838417,3,0,1,0,0,0.0,0,0,52,1,9,0.0,3.0,0
4157548,2977714,1179833,5,1,1,0,0,1.0,1,1,39,1,2,0.0,0.0,0
2525024,1839857,685167,5,2,0,0,0,1.0,1,1,37,1,2,0.0,3.0,1
3693464,2557714,1135750,5,0,0,0,0,0.0,1,0,38,1,2,0.0,2.0,0
6475143,3497143,2978000,4,0,1,1,1,0.0,0,0,35,1,9,0.0,0.0,0
6847012,3906429,2940583,4,0,1,0,0,0.0,0,0,45,1,9,0.0,3.0,0
6062821,2543571,3519250,3,0,1,0,0,0.0,0,0,55,1,8,3.0,0.0,0
5012714,3061714,1951000,5,0,1,0,0,0.0,1,0,45,1,9,0.0,3.0,0
7375857,4344857,3031000,3,0,1,0,1,0.0,0,0,67,1,10,0.0,0.0,0
4195155,2768571,1426583,4,0,1,0,0,0.0,0,0,46,1,2,0.0,3.0,0
6340190,3822857,2517333,5,0,1,0,0,0.0,0,0,45,1,2,0.0,1.0,0
3226226,2057143,1169083,2,0,1,0,0,0.0,0,0,60,1,2,0.0,1.0,0
2656241,1865627,790614,1,0,0,0,0,0.0,0,0,63,3,2,0.0,0.0,0
6654940,3594857,3060083,3,0,1,0,1,0.0,0,0,49,1,9,0.0,3.0,0
4169179,2451429,1717750,4,0,1,0,0,0.0,0,0,47,1,2,0.0,3.0,0
5542050,3241800,2300250,4,0,0,0,0,0.0,0,0,41,1,2,0.0,3.0,0
16826804,4974429,11852375,6,0,1,0,0,1.0,1,1,48,1,2,0.0,1.0,0
4595286,3079286,1516000,3,0,1,0,0,0.0,0,0,32,1,2,0.0,4.0,0
2537000,1485000,1052000,4,0,1,0,0,0.0,0,0,32,1,6,0.0,3.0,0
16826526,7809943,9016583,5,0,1,1,1,0.0,0,0,51,1,15,0.0,2.0,0
6234179,3705429,2528750,3,0,1,0,1,0.0,0,0,70,1,2,0.0,1.0,0
8496119,5251286,3244833,6,0,1,0,0,0.0,0,0,63,1,0,0.0,0.0,0
2245369,1654286,591083,2,0,0,0,0,0.0,1,1,78,1,3,3.0,0.0,0
5977179,3603429,2373750,3,0,1,0,0,0.0,0,0,53,1,2,0.0,1.0,0
2218224,1124057,1094167,2,0,0,0,0,0.0,0,0,47,3,0,0.0,0.0,0
7590643,4589143,3001500,4,0,1,0,0,0.0,0,0,45,1,2,0.0,1.0,0
2843250,1755000,1088250,2,3,1,0,0,0.0,0,0,57,1,2,0.0,3.0,0
2431398,1792414,638983,5,2,0,0,0,0.0,0,0,33,1,0,0.0,3.0,1
3520619,2164286,1356333,2,0,1,0,0,0.0,0,0,58,1,2,0.0,1.0,0
10454095,6249429,4204667,7,0,0,0,1,0.0,0,0,53,1,6,0.0,3.0,0
2627024,1467857,1159167,5,0,0,0,0,1.0,0,0,48,1,2,0.0,1.0,1
4718976,3131143,1587833,5,0,1,0,0,0.0,0,0,45,1,2,0.0,3.0,0
6906012,4020429,2885583,3,0,0,0,1,0.0,0,0,49,1,2,0.0,0.0,0
4481357,2352857,2128500,3,0,1,0,0,0.0,0,0,51,1,8,0.0,1.0,0
4479286,3082286,1397000,3,1,1,0,0,0.0,0,0,46,1,6,0.0,0.0,0
4136381,2473714,1662667,4,0,1,0,0,0.0,0,0,30,1,9,0.0,3.0,0
3987190,2643857,1343333,4,0,1,1,1,0.0,0,0,48,1,2,0.0,2.0,0
4755774,3147857,1607917,4,0,1,0,0,0.0,0,0,31,1,2,0.0,3.0,0
5040670,2498670,2542000,3,0,1,0,1,0.0,0,0,49,1,2,0.0,1.0,0
3913917,2778000,1135917,4,0,1,0,0,0.0,0,1,31,1,9,0.0,3.0,0
3819476,2153143,1666333,2,0,1,0,1,0.0,0,0,49,3,14,0.0,3.0,0
5077167,3255000,1822167,2,0,1,0,0,0.0,0,0,53,3,6,0.0,0.0,0
1864940,1245857,619083,2,0,0,0,0,0.0,0,0,82,1,2,0.0,1.0,0
6562250,3348000,3214250,4,0,1,0,0,0.0,0,0,41,1,6,0.0,1.0,0
4524262,3231429,1292833,6,0,1,0,0,0.0,0,1,60,1,2,0.0,0.0,0
1454155,947571,506583,5,0,1,0,0,0.0,0,0,35,1,2,0.0,0.0,1
2853071,1802571,1050500,3,1,1,0,0,0.0,0,0,49,1,2,0.0,3.0,0
2863440,1662857,1200583,4,0,1,0,0,0.0,0,1,34,1,6,0.0,3.0,0
4431360,2996443,1434917,4,0,1,0,0,0.0,0,0,36,1,6,0.0,0.0,0
5136560,3524143,1612417,4,0,0,0,0,0.0,0,0,43,1,2,0.0,0.0,0
4335176,2692843,1642333,4,0,1,1,1,0.0,0,0,29,1,9,0.0,0.0,0
6609857,3132857,3477000,5,0,1,0,1,0.0,0,0,41,1,2,0.0,1.0,0
2597488,1685571,911917,1,0,1,0,0,0.0,0,0,61,1,2,0.0,3.0,0
3341655,2135571,1206083,6,0,1,0,1,0.0,0,0,38,1,9,0.0,1.0,0
3946214,2725714,1220500,2,0,1,0,0,0.0,0,0,45,1,2,0.0,1.0,0
7384810,4607143,2777667,5,0,1,0,0,0.0,0,0,46,1,6,0.0,3.0,0
2235762,1281429,954333,3,0,0,0,0,0.0,0,0,49,1,2,0.0,1.0,0
4439655,3128571,1311083,3,0,1,0,1,0.0,1,1,43,1,6,0.0,0.0,0
7922286,5350286,2572000,6,0,1,0,1,0.0,0,0,23,1,9,0.0,4.0,0
5346571,3278571,2068000,4,0,1,0,0,0.0,0,0,53,1,9,0.0,1.0,0
13621464,4795714,8825750,4,0,1,1,1,0.0,0,0,32,1,17,0.0,0.0,0
5946490,3469157,2477333,4,0,1,0,0,0.0,0,0,31,1,2,0.0,0.0,0
7845552,4096286,3749267,3,0,1,1,1,0.0,0,0,56,1,9,0.0,2.0,0
3625733,1622400,2003333,3,2,0,0,1,0.0,0,0,65,3,2,0.0,5.0,0
2373821,1205571,1168250,3,0,1,0,0,0.0,0,0,54,3,10,0.0,0.0,0
4189060,2375143,1813917,3,2,1,0,0,0.0,0,0,37,1,9,0.0,2.0,0
3865548,2620714,1244833,5,0,1,0,0,1.0,0,1,56,1,2,0.0,0.0,0
8574179,6021429,2552750,5,0,1,0,0,0.0,0,0,53,1,6,0.0,1.0,0
2965262,1674429,1290833,4,0,1,0,1,0.0,0,0,33,1,2,0.0,3.0,0
5750226,3797143,1953083,3,0,1,0,0,0.0,0,0,41,1,2,0.0,1.0,0
3047036,2023286,1023750,4,0,1,0,0,0.0,0,0,41,1,6,0.0,0.0,0
3538643,2417143,1121500,2,0,1,0,0,0.0,0,0,62,1,2,0.0,0.0,0
2708833,1800000,908833,3,0,1,0,0,0.0,0,0,54,1,9,0.0,3.0,0
2565679,1797429,768250,4,0,1,0,0,0.0,0,0,30,1,2,0.0,0.0,0
2977679,1212429,1765250,2,2,1,0,0,0.0,0,0,57,3,9,0.0,0.0,0
8559619,5335286,3224333,5,0,1,1,0,0.0,0,0,55,1,2,0.0,2.0,0
2221202,1075286,1145917,2,0,0,0,0,0.0,1,0,49,3,6,0.0,0.0,0
3915083,2361000,1554083,4,0,1,0,0,0.0,0,0,57,1,2,0.0,1.0,0
5295845,4101429,1194417,7,0,1,0,0,0.0,0,0,43,1,2,0.0,3.0,0
7676179,3438429,4237750,3,0,1,0,0,0.0,0,0,41,1,6,0.0,0.0,0
3753881,2656714,1097167,3,0,0,0,0,1.0,1,1,37,1,2,0.0,0.0,0
4379381,2875714,1503667,2,0,1,0,0,0.0,0,0,61,1,2,0.0,1.0,0
6380298,4207714,2172583,6,0,1,0,0,0.0,1,0,47,1,9,0.0,0.0,0
4467917,2253000,2214917,4,0,1,0,0,0.0,0,0,47,1,2,0.0,0.0,0
3957393,2297143,1660250,3,0,1,0,0,0.0,0,0,39,1,2,0.0,3.0,0
3602786,2473286,1129500,4,0,1,0,0,0.0,1,1,51,1,2,0.0,0.0,0
3713745,2112857,1600888,3,3,1,0,0,0.0,0,0,42,1,11,0.0,3.0,0
3973833,1746000,2227833,2,0,1,0,0,0.0,0,0,44,2,2,0.0,1.0,0
9579786,4774286,4805500,4,0,1,1,1,0.0,0,0,35,1,13,0.0,0.0,0
4188126,2329543,1858583,3,0,1,0,0,0.0,0,0,46,3,11,0.0,0.0,0
8096274,5322857,2773417,5,0,1,0,0,0.0,0,0,27,1,2,0.0,3.0,0
3702186,2325686,1376500,4,0,1,0,0,0.0,0,0,43,1,2,0.0,0.0,0
12442381,6004714,6437667,6,2,1,0,1,0.0,0,0,56,1,9,0.0,3.0,0
6469012,3621429,2847583,3,0,1,0,1,0.0,0,0,54,1,2,0.0,3.0,0
5815607,3162857,2652750,5,0,1,0,1,0.0,0,0,63,1,2,0.0,2.0,0
1985000,1344000,641000,2,0,0,0,0,0.0,0,0,63,1,2,0.0,1.0,0
4001369,2608286,1393083,5,2,1,0,0,0.0,1,1,49,1,6,0.0,3.0,0
5684476,2786143,2898333,3,1,1,0,0,0.0,0,0,32,1,6,0.0,3.0,0
1896050,1218300,677750,1,0,0,0,0,0.0,0,0,49,3,2,0.0,0.0,0
8653893,4733143,3920750,4,0,0,0,1,0.0,0,0,45,1,2,0.0,3.0,0
5321798,3913714,1408083,3,0,0,0,1,0.0,0,0,26,1,2,0.0,3.0,0
9635964,5521714,4114250,5,1,1,0,0,0.0,0,0,50,2,9,0.0,0.0,0
2948464,2038714,909750,4,0,0,0,0,1.0,1,0,36,1,2,0.0,1.0,0
3669524,2342357,1327167,4,0,1,0,0,0.0,0,0,37,1,2,0.0,3.0,0
4425262,2397429,2027833,3,0,1,0,1,0.0,0,0,43,1,6,0.0,3.0,0
2088026,797443,1290583,1,0,0,0,0,0.0,0,0,78,3,0,0.0,1.0,0
6277440,4632857,1644583,4,0,1,0,0,0.0,0,0,59,1,2,0.0,0.0,0
2470202,1732286,737917,3,0,0,0,0,0.0,0,0,26,1,2,0.0,0.0,0
6363762,4311429,2052333,3,0,1,0,0,0.0,0,0,34,1,9,0.0,1.0,0
7921726,4907143,3014583,5,0,1,1,0,0.0,0,0,34,1,13,0.0,3.0,0
5143333,2967000,2176333,3,0,1,0,0,0.0,0,0,58,1,2,0.0,3.0,0
7036583,3333000,3703583,6,0,1,1,1,0.0,0,0,43,1,15,0.0,3.0,0
2548988,878571,1670417,1,0,0,0,1,0.0,0,0,75,3,2,2.0,0.0,0
5337917,3039000,2298917,5,0,1,0,0,0.0,0,0,58,1,9,0.0,3.0,0
3159643,1472143,1687500,2,0,1,0,0,0.0,0,0,66,1,2,0.0,2.0,0
5598464,3145714,2452750,4,0,1,0,1,0.0,0,0,47,1,2,0.0,0.0,0
4384000,2922000,1462000,5,0,1,0,0,1.0,1,0,56,1,6,0.0,1.0,0
3691690,2580857,1110833,5,2,1,0,0,0.0,0,0,39,1,9,0.0,3.0,0
4724702,2704286,2020417,4,0,1,0,1,0.0,0,0,40,1,6,0.0,1.0,0
2988695,1778829,1209867,2,0,1,0,0,0.0,0,0,59,3,6,0.0,0.0,0
10013607,6198857,3814750,4,0,1,0,1,0.0,0,0,57,1,2,0.0,3.0,0
5274179,2937429,2336750,4,1,1,0,0,0.0,0,0,38,1,9,0.0,3.0,0
6392988,4496571,1896417,5,0,1,0,0,0.0,0,0,63,1,2,0.0,3.0,0
4520393,2864143,1656250,4,0,1,0,0,0.0,0,0,30,1,9,0.0,3.0,0
4670224,2943557,1726667,5,0,1,0,0,0.0,0,0,33,1,2,0.0,3.0,0
12240786,8233286,4007500,4,0,1,0,0,0.0,0,0,48,1,2,0.0,1.0,0
4555369,3142286,1413083,2,0,1,0,0,0.0,0,0,51,2,2,0.0,0.0,0
3401488,2048571,1352917,4,0,1,0,0,0.0,0,0,54,1,2,0.0,1.0,0
7703357,4128857,3574500,4,0,1,0,0,0.0,0,0,46,1,9,0.0,3.0,0
4777500,3150000,1627500,4,0,1,0,0,0.0,0,0,50,1,2,0.0,0.0,0
5683214,3175714,2507500,3,0,1,0,0,0.0,0,0,40,1,6,0.0,0.0,0
4414493,3059743,1354750,3,0,0,0,0,1.0,1,1,57,1,6,0.0,1.0,0
4928107,3567857,1360250,4,0,1,0,0,0.0,0,0,61,1,2,0.0,0.0,0
5297833,3240000,2057833,2,0,1,0,0,0.0,0,0,64,1,2,0.0,1.0,0
3293131,1564714,1728417,4,0,1,0,1,0.0,0,0,35,1,9,0.0,3.0,0
5257536,3484286,1773250,5,0,1,0,0,0.0,0,0,41,1,2,0.0,1.0,0
3552157,2568000,984157,6,0,0,0,0,1.0,0,0,56,1,0,0.0,3.0,0
3267786,2284286,983500,4,0,1,0,0,0.0,0,0,39,1,2,0.0,1.0,0
5438440,3276857,2161583,4,0,1,0,0,0.0,0,0,32,1,2,0.0,3.0,0
6223476,3707143,2516333,4,0,1,0,1,0.0,0,0,53,1,9,0.0,3.0,0
5614262,3705429,1908833,3,0,1,0,1,0.0,0,0,31,1,6,0.0,4.0,0
9270949,3588857,5682092,4,3,1,0,0,0.0,0,0,41,1,9,0.0,3.0,0
7224167,4080000,3144167,4,0,1,0,0,0.0,0,0,57,1,2,0.0,1.0,0
5346274,3816857,1529417,2,3,1,0,0,0.0,0,0,35,1,11,0.0,3.0,0
13164357,8601857,4562500,6,0,1,1,0,0.0,0,0,50,1,2,0.0,1.0,0
2371214,1393714,977500,3,0,1,0,0,0.0,0,0,42,3,9,0.0,0.0,0
3682940,1587857,2095083,2,0,1,0,0,0.0,0,0,41,1,9,0.0,0.0,0
3096440,2073857,1022583,6,0,1,0,0,0.0,1,1,47,1,2,0.0,3.0,1
4923750,2781000,2142750,5,0,1,0,1,0.0,0,0,50,1,8,0.0,3.0,0
3751405,2501571,1249833,3,0,1,0,0,0.0,0,0,43,1,2,0.0,0.0,0
3517179,2421429,1095750,3,0,0,0,0,1.0,1,0,60,1,2,0.0,0.0,0
5040983,3255900,1785083,4,0,1,0,0,0.0,0,0,38,1,2,0.0,0.0,0
4779667,2916000,1863667,4,0,1,0,0,0.0,0,0,33,1,6,0.0,4.0,0
5321607,3672857,1648750,6,0,0,0,0,0.0,0,0,46,1,2,0.0,1.0,0
5238032,2638157,2599875,4,0,1,0,0,0.0,0,0,35,1,6,0.0,4.0,0
3082048,1885714,1196333,2,0,1,0,0,0.0,0,0,52,1,2,0.0,0.0,0
4214976,2867143,1347833,4,0,1,0,0,0.0,0,0,36,1,9,0.0,0.0,0
7246939,4537753,2709186,4,0,1,0,1,0.0,0,0,68,1,9,0.0,2.0,0
4458964,2635714,1823250,3,0,1,0,0,0.0,0,0,55,1,2,0.0,0.0,0
5901536,4081286,1820250,3,0,1,0,0,0.0,0,0,51,1,2,0.0,1.0,0
9241976,5237143,4004833,5,0,1,0,0,0.0,0,0,43,1,2,0.0,3.0,0
10522250,5850000,4672250,3,0,1,1,0,0.0,0,0,46,1,9,0.0,2.0,0
4348533,2914200,1434333,6,0,0,0,1,0.0,0,0,44,1,2,0.0,3.0,0
4482845,3345429,1137417,3,0,1,0,0,0.0,0,0,51,1,2,0.0,1.0,0
12002955,3254121,8748833,4,0,0,1,0,1.0,0,0,36,1,2,0.0,3.0,0
4865988,2948571,1917417,5,0,1,0,0,0.0,0,0,51,1,2,0.0,0.0,0
6844963,3991431,2853532,3,0,1,1,1,0.0,0,0,52,1,9,0.0,1.0,0
5776333,3189000,2587333,5,0,1,0,0,0.0,0,0,56,1,9,0.0,0.0,0
6647643,3260143,3387500,5,0,1,1,1,0.0,0,0,40,1,15,0.0,0.0,0
9502500,4446000,5056500,5,0,1,1,1,0.0,0,0,37,1,9,0.0,4.0,0
2599012,1671429,927583,1,0,0,0,0,0.0,0,0,75,3,2,0.0,1.0,0
7429298,4885714,2543583,6,0,1,0,0,0.0,1,0,37,1,6,0.0,3.0,0
4801893,2606143,2195750,1,0,1,0,0,0.0,0,0,38,1,9,0.0,3.0,0
5333774,3636857,1696917,4,0,1,0,0,0.0,0,0,37,1,9,0.0,3.0,0
5828976,3182143,2646833,4,0,1,0,1,0.0,0,0,36,1,15,0.0,0.0,0
2360071,1439571,920500,2,2,1,0,1,0.0,0,0,80,1,9,0.0,2.0,0
9215536,4504286,4711250,3,0,1,0,1,0.0,0,0,51,1,9,0.0,3.0,0
1759119,1369286,389833,4,0,0,0,0,0.0,0,1,41,1,2,0.0,3.0,1
2857429,2049429,808000,6,0,1,0,0,0.0,0,0,46,1,2,0.0,3.0,1
5795607,3003857,2791750,3,0,1,1,0,1.0,1,1,49,3,6,0.0,0.0,0
4496917,3204000,1292917,4,0,1,0,0,0.0,0,0,43,1,2,0.0,3.0,0
2212417,1302000,910417,2,0,0,0,0,0.0,0,1,52,1,2,0.0,1.0,0
7783607,4455857,3327750,5,0,1,0,0,0.0,0,0,37,1,11,0.0,3.0,0
3492024,2040857,1451167,2,2,1,0,0,0.0,0,0,43,2,9,0.0,2.0,0
2015481,1272814,742667,2,0,1,0,0,0.0,0,0,63,1,2,0.0,3.0,0
5914940,3852857,2062083,3,0,1,0,0,0.0,1,1,54,1,2,0.0,1.0,0
764940,474857,290083,1,0,0,0,0,0.0,0,0,53,0,2,0.0,3.0,0
6990738,4562571,2428167,3,3,1,1,0,0.0,0,0,29,1,16,0.0,3.0,0
3594071,2126571,1467500,2,0,1,0,0,0.0,0,0,64,1,2,0.0,0.0,0
5458345,3342429,2115917,5,0,1,0,0,0.0,0,1,33,1,6,0.0,1.0,0
5534369,3901286,1633083,6,0,0,0,0,0.0,1,0,35,1,2,0.0,1.0,0
7895095,5055429,2839667,4,0,1,0,1,0.0,0,0,41,1,9,0.0,0.0,0
3356862,2018529,1338333,3,0,1,0,0,1.0,1,1,56,1,2,0.0,3.0,0
7062274,3726857,3335417,4,0,1,1,0,0.0,0,0,47,1,6,0.0,0.0,0
2710143,1766143,944000,3,0,1,0,0,0.0,0,0,32,1,6,0.0,1.0,0
2635905,1523571,1112333,3,0,1,0,0,0.0,0,0,37,3,2,0.0,3.0,0
6301381,3235714,3065667,4,0,1,1,1,0.0,0,0,29,1,6,0.0,3.0,0
3564095,2025429,1538667,3,0,1,0,1,0.0,0,0,65,1,6,0.0,0.0,0
1918619,844286,1074333,1,0,0,0,0,0.0,1,0,60,2,2,0.0,1.0,0
12417940,5142857,7275083,4,0,1,0,0,0.0,0,0,49,1,6,0.0,3.0,0
4336845,2601429,1735417,4,0,1,0,0,0.0,1,0,42,1,6,0.0,3.0,0
4504476,2552143,1952333,3,0,1,0,0,0.0,0,0,41,1,9,0.0,0.0,0
4558726,2987143,1571583,4,0,1,0,0,0.0,0,0,40,1,2,0.0,1.0,0
6474498,4025914,2448583,3,0,1,0,0,0.0,0,0,54,1,6,0.0,1.0,0
2917226,1922143,995083,4,0,1,0,0,0.0,0,0,43,1,2,0.0,1.0,0
5727121,3286371,2440750,7,0,1,0,0,0.0,1,0,44,1,2,0.0,1.0,0
3896238,2408571,1487667,4,0,1,0,0,0.0,0,0,39,1,2,0.0,3.0,0
3680643,2627143,1053500,3,0,1,0,0,0.0,1,1,51,1,2,0.0,0.0,0
3987476,2654143,1333333,6,0,1,0,0,0.0,0,0,41,1,6,0.0,3.0,0
4052321,2444571,1607750,4,2,1,0,0,0.0,0,0,39,1,6,0.0,3.0,0
5870476,3509143,2361333,5,0,1,0,0,0.0,0,0,49,1,6,0.0,1.0,0
1352119,835286,516833,1,0,0,0,0,0.0,0,0,50,3,2,0.0,0.0,0
2933119,1546286,1386833,1,0,1,0,0,0.0,0,0,27,0,2,0.0,3.0,0
4219310,2375143,1844167,3,0,1,0,1,0.0,0,0,50,1,2,0.0,0.0,0
3848131,2134714,1713417,5,0,1,0,0,0.0,0,0,46,1,2,0.0,3.0,0
9377155,4028571,5348583,3,0,1,1,1,0.0,0,0,67,1,15,0.0,0.0,0
3165050,1861800,1303250,4,0,1,0,0,0.0,0,0,36,1,7,0.0,3.0,0
3509107,2262857,1246250,3,0,1,0,0,0.0,0,0,50,1,2,0.0,1.0,0
5206310,3683143,1523167,2,0,1,0,1,0.0,0,0,71,1,2,0.0,1.0,0
4962214,3115714,1846500,4,0,1,0,0,0.0,0,0,44,1,7,0.0,0.0,0
15742988,6992571,8750417,5,0,1,0,1,0.0,0,0,58,1,2,0.0,2.0,0
5898274,3342857,2555417,4,0,1,0,0,0.0,0,0,29,1,2,0.0,1.0,0
1987262,1461429,525833,3,0,1,0,0,0.0,0,0,31,1,2,0.0,3.0,0
4116245,2474829,1641417,7,1,1,0,0,0.0,0,0,29,1,0,0.0,3.0,0
5094024,3612857,1481167,4,0,1,0,0,0.0,1,0,52,1,2,0.0,1.0,0
4985250,3000000,1985250,4,0,1,0,0,0.0,0,0,32,1,9,0.0,3.0,0
2588631,1567714,1020917,4,0,1,0,0,0.0,0,0,58,1,2,0.0,3.0,0
3667071,2258571,1408500,2,0,1,0,0,0.0,0,0,66,1,2,0.0,1.0,0
5410462,3982629,1427833,3,0,0,0,0,1.0,1,0,56,3,2,0.0,1.0,0
5657024,3822857,1834167,5,0,1,0,0,0.0,0,0,46,1,6,0.0,1.0,0
4025429,2757429,1268000,2,0,1,0,0,0.0,0,0,64,1,2,0.0,1.0,0
3234536,1522286,1712250,4,0,1,0,0,0.0,0,0,39,1,2,0.0,0.0,0
2839774,1743857,1095917,4,0,1,0,0,0.0,0,0,71,1,2,0.0,1.0,0
3942833,2580000,1362833,4,0,1,0,0,0.0,1,1,38,1,6,0.0,0.0,0
3831405,2138571,1692833,2,0,1,1,1,0.0,0,0,64,1,2,0.0,2.0,0
10082250,5880000,4202250,4,0,1,1,0,0.0,0,0,53,1,9,0.0,3.0,0
9676964,6220714,3456250,4,0,1,1,1,0.0,0,0,37,1,13,0.0,3.0,0
3680762,2571429,1109333,5,0,0,0,0,0.0,1,0,41,1,6,0.0,0.0,0
2163655,1319571,844083,4,0,1,0,0,0.0,0,0,48,2,2,0.0,3.0,0
6988810,4478143,2510667,5,0,1,0,1,1.0,0,0,50,1,2,0.0,0.0,0
2580548,1735714,844833,4,0,1,0,0,0.0,0,1,49,1,2,0.0,3.0,0
7331798,5179714,2152083,4,0,0,0,1,0.0,0,0,35,1,9,0.0,3.0,0
4063455,3041571,1021883,4,0,1,0,0,0.0,0,0,49,1,2,0.0,4.0,0
5448352,3538286,1910067,5,0,1,0,0,0.0,1,0,55,1,8,0.0,0.0,0
1403321,815571,587750,1,0,0,0,0,0.0,0,0,60,3,0,0.0,4.0,0
5219631,3859714,1359917,3,0,1,0,0,0.0,0,0,49,1,2,0.0,1.0,0
9704048,5899714,3804333,4,0,1,0,0,0.0,0,0,48,1,2,0.0,3.0,0
8512024,5472857,3039167,4,0,1,0,0,0.0,0,0,58,1,9,0.0,3.0,0
8438976,5546143,2892833,4,0,1,0,1,1.0,0,0,41,1,6,0.0,3.0,0
3368917,2223000,1145917,3,0,1,0,0,0.0,0,0,36,1,2,0.0,1.0,0
2193964,1324714,869250,5,0,1,0,0,0.0,0,0,38,1,6,0.0,4.0,1
8782988,5408571,3374417,3,0,1,0,0,0.0,0,0,38,2,9,0.0,0.0,0
5676643,3557143,2119500,5,0,1,1,0,0.0,0,0,39,1,9,0.0,1.0,0
4354524,3042857,1311667,6,0,1,0,0,0.0,0,0,39,1,6,0.0,3.0,0
5508833,3420000,2088833,3,0,1,0,0,0.0,0,0,52,1,2,0.0,3.0,0
4483988,2651571,1832417,2,0,0,0,1,0.0,0,0,56,1,2,0.0,2.0,0
8228107,5559857,2668250,4,0,1,0,1,0.0,0,0,42,1,8,0.0,0.0,0
8028774,5532857,2495917,4,0,1,0,0,0.0,0,0,41,1,2,0.0,3.0,0
5540652,3350486,2190167,4,3,1,0,0,0.0,0,0,35,1,11,0.0,3.0,0
15417845,5385429,10032417,3,0,1,1,1,0.0,0,0,46,1,9,0.0,0.0,0
4731345,2931429,1799917,4,0,1,0,0,0.0,0,0,40,1,11,0.0,3.0,0
5509208,3128687,2380521,4,0,1,0,1,0.0,0,0,45,1,15,0.0,3.0,0
6155964,4375714,1780250,4,0,1,0,0,0.0,0,0,65,1,2,0.0,0.0,0
2836500,1770000,1066500,2,0,1,0,0,0.0,0,0,69,1,2,0.0,1.0,0
2863024,2148857,714167,4,0,1,0,0,0.0,0,0,42,1,2,0.0,4.0,0
2465188,1721271,743917,4,0,1,0,0,0.0,0,0,46,1,2,0.0,3.0,0
4003524,2358857,1644667,3,0,1,0,0,0.0,0,0,19,1,2,0.0,1.0,0
3828798,2425714,1403083,5,0,1,0,0,1.0,0,0,64,1,9,0.0,0.0,0
5075726,3626143,1449583,4,2,1,0,0,0.0,0,1,46,1,2,0.0,3.0,0
3739810,2255143,1484667,2,0,1,0,0,0.0,0,0,55,3,2,0.0,3.0,0
3629095,2181429,1447667,2,0,1,0,1,0.0,0,0,82,1,2,0.0,1.0,0
4865881,3208714,1657167,3,0,1,0,0,0.0,0,0,68,3,2,0.0,1.0,0
5342615,3402857,1939758,4,0,1,0,0,1.0,1,1,49,1,9,3.0,1.0,0
1238738,665571,573167,2,0,0,0,0,0.0,0,0,66,1,2,0.0,0.0,0
5485776,3348643,2137133,4,1,0,0,0,0.0,0,0,28,1,2,0.0,3.0,0
3155105,2063571,1091533,4,0,1,0,0,0.0,0,0,31,1,9,0.0,0.0,0
2263548,1417714,845833,4,2,1,0,0,0.0,0,0,39,1,2,0.0,3.0,0
7376238,3938571,3437667,5,0,1,0,0,0.0,0,0,40,1,2,0.0,3.0,0
8291440,6186857,2104583,4,0,1,0,0,0.0,0,1,41,1,3,0.0,0.0,0
5679667,4275000,1404667,4,0,1,0,0,1.0,1,1,49,1,2,0.0,0.0,0
3459895,1805229,1654667,7,0,0,0,0,0.0,0,0,41,1,0,0.0,3.0,1
2086500,1371000,715500,1,0,1,0,0,0.0,0,0,57,2,6,0.0,3.0,0
6889167,4041000,2848167,7,0,1,0,0,0.0,0,0,47,1,11,0.0,3.0,0
4521488,2648571,1872917,3,0,1,0,0,0.0,0,0,38,1,9,0.0,1.0,0
2614290,1393457,1220833,6,0,1,0,0,0.0,0,0,38,1,6,0.0,3.0,1
6828548,4057714,2770833,4,0,1,0,1,0.0,0,0,44,1,2,0.0,1.0,0
5678988,3029571,2649417,4,0,1,0,0,0.0,0,1,39,1,2,0.0,3.0,0
5079179,3531429,1547750,4,0,1,0,0,0.0,0,0,39,1,2,0.0,3.0,0
4339171,3060171,1279000,5,2,1,0,0,0.0,1,1,49,1,9,0.0,0.0,0
5501971,3582214,1919757,5,0,1,0,0,0.0,0,0,58,1,0,0.0,0.0,0
2479988,1490571,989417,4,0,1,0,0,0.0,0,0,45,1,2,0.0,0.0,0
2686655,1358571,1328083,2,0,1,0,0,1.0,1,1,49,3,2,0.0,4.0,0
8688893,5285143,3403750,3,0,1,1,1,0.0,0,0,53,1,8,0.0,0.0,0
7619328,3504857,4114471,3,3,1,0,0,0.0,0,0,48,1,9,0.0,3.0,0
5462393,3221143,2241250,5,0,1,0,1,0.0,0,0,48,1,6,0.0,0.0,0
6009143,3947143,2062000,4,0,1,0,0,0.0,0,0,28,1,2,0.0,1.0,0
1474000,841500,632500,4,0,0,0,0,0.0,1,0,63,1,2,0.0,1.0,1
3364198,2738614,625583,6,0,1,0,0,0.0,0,0,56,1,2,0.0,3.0,0
7458000,4290000,3168000,4,0,0,0,0,0.0,0,0,44,1,9,0.0,3.0,0
8059643,4175143,3884500,5,0,1,0,0,0.0,0,0,41,1,2,0.0,1.0,0
5585381,3007714,2577667,6,0,1,0,0,0.0,0,0,40,1,9,0.0,3.0,0
5083869,3034286,2049583,4,0,1,0,1,0.0,0,0,45,1,6,0.0,0.0,0
7123500,2820000,4303500,3,0,1,1,0,0.0,0,0,47,1,14,0.0,3.0,0
3402810,2306143,1096667,3,0,0,0,0,0.0,0,1,60,1,2,0.0,0.0,0
3679214,2338714,1340500,4,0,1,0,0,0.0,0,0,58,1,2,0.0,4.0,0
5741771,3324771,2417000,3,2,0,0,0,0.0,0,0,34,1,6,0.0,3.0,0
2367143,1598143,769000,4,0,1,0,0,0.0,1,0,40,1,2,0.0,3.0,0
3834240,1758857,2075383,3,0,1,0,0,0.0,0,1,74,1,2,0.0,1.0,0
3744333,2169000,1575333,5,0,1,1,0,0.0,0,0,39,1,2,0.0,0.0,0
1761571,998571,763000,1,0,1,0,0,0.0,0,0,61,3,2,0.0,0.0,0
5327655,3392571,1935083,3,0,1,0,1,0.0,0,0,43,1,6,0.0,3.0,0
2381726,1697143,684583,4,0,0,0,0,0.0,1,0,47,1,2,0.0,3.0,0
3265333,1938000,1327333,3,0,1,0,0,0.0,0,0,63,1,2,0.0,1.0,0
5110119,3274286,1835833,3,0,1,0,0,0.0,1,1,40,1,7,0.0,1.0,0
3692536,2242286,1450250,5,0,1,0,1,0.0,0,0,46,1,2,0.0,1.0,0
5385655,2942571,2443083,3,0,1,0,0,0.0,0,0,41,1,2,0.0,3.0,0
8141452,5494286,2647167,4,0,1,1,1,0.0,0,0,42,1,9,0.0,1.0,0
2208571,1403571,805000,3,0,1,0,0,0.0,0,0,25,1,7,0.0,0.0,0
2676893,1658143,1018750,3,0,1,0,0,0.0,0,0,35,1,2,0.0,0.0,0
8816355,5007771,3808583,6,0,1,1,0,0.0,0,0,43,1,13,0.0,3.0,0
3011667,1182000,1829667,4,0,1,0,0,0.0,0,0,41,3,2,0.0,1.0,0
10599548,5725714,4873833,2,0,0,1,1,0.0,0,0,78,1,2,0.0,2.0,0
4200488,2594571,1605917,4,0,0,0,0,0.0,0,0,49,1,2,0.0,3.0,0
3529643,1430143,2099500,3,2,1,0,0,1.0,1,1,51,1,9,0.0,3.0,0
6424571,4007571,2417000,7,0,1,0,0,0.0,1,0,51,1,6,0.0,0.0,0
4898405,2822571,2075833,4,0,1,0,0,0.0,0,0,49,1,2,0.0,1.0,0
3955107,2532857,1422250,3,0,1,0,0,0.0,0,0,55,1,2,0.0,3.0,0
2291952,1384286,907667,3,0,1,0,0,0.0,0,0,40,1,2,0.0,1.0,0
4208357,2580857,1627500,4,0,1,0,0,0.0,0,0,48,1,2,0.0,1.0,0
3948452,2521286,1427167,2,0,1,0,0,0.0,0,0,47,1,2,0.0,3.0,0
2777250,1728000,1049250,2,0,1,0,0,0.0,0,0,54,1,2,0.0,0.0,0
3902774,2241857,1660917,4,0,1,0,0,0.0,0,0,34,1,6,0.0,3.0,0
3353798,2095714,1258083,2,0,1,0,0,0.0,0,0,61,1,2,0.0,0.0,0
6993367,3911700,3081667,4,0,1,0,0,0.0,0,1,34,1,6,0.0,3.0,0
4206393,2477143,1729250,3,0,1,0,0,0.0,0,0,44,1,2,0.0,1.0,0
1129929,741429,388500,2,0,0,0,0,0.0,0,0,61,1,2,0.0,0.0,0
6939917,3756000,3183917,5,0,1,0,0,0.0,0,0,36,1,6,0.0,1.0,0
3314619,1774286,1540333,2,0,1,0,0,0.0,0,0,56,1,9,0.0,1.0,0
4465476,3017143,1448333,4,0,1,0,0,1.0,1,0,43,1,2,0.0,1.0,0
2646333,1794000,852333,3,0,1,0,1,0.0,0,0,45,1,6,0.0,1.0,0
8096583,4077000,4019583,5,0,1,1,0,0.0,0,0,44,1,2,0.0,0.0,0
5753214,3487714,2265500,4,0,1,0,0,1.0,1,1,46,1,2,0.0,3.0,0
4367250,2550000,1817250,6,0,1,0,0,0.0,0,0,48,1,2,0.0,3.0,0
3516405,2395071,1121333,3,0,1,0,0,0.0,0,0,54,3,2,0.0,1.0,0
4799369,3307286,1492083,5,0,1,0,0,0.0,0,0,43,1,2,0.0,3.0,0
4526512,2988429,1538083,7,2,0,0,0,1.0,1,0,36,1,11,0.0,3.0,0
1526964,868714,658250,2,0,1,0,0,0.0,0,0,25,2,6,0.0,0.0,0
5114587,2786593,2327994,3,0,1,1,1,0.0,0,0,51,1,9,0.0,0.0,0
3811774,2211857,1599917,2,0,1,0,1,0.0,0,0,57,1,2,0.0,1.0,0
3757655,2612571,1145083,3,0,1,0,0,0.0,0,1,58,1,6,0.0,3.0,0
3389595,1677429,1712167,4,0,1,0,0,0.0,0,0,41,1,9,0.0,4.0,0
5653364,2340947,3312417,4,0,0,1,1,0.0,0,0,50,1,9,0.0,0.0,0
3335452,2272286,1063167,4,0,1,0,0,0.0,0,0,40,1,9,0.0,3.0,0
2035052,1261286,773767,3,0,0,0,0,0.0,0,1,41,1,6,0.0,1.0,0
1758381,925714,832667,4,0,1,0,0,0.0,0,0,38,1,2,0.0,3.0,1
2558655,1571571,987083,6,0,1,0,0,0.0,0,0,28,1,2,0.0,3.0,1
1333726,857143,476583,1,0,0,0,0,0.0,0,0,51,3,2,0.0,0.0,0
4484286,3040286,1444000,4,0,1,0,1,0.0,0,0,40,1,2,0.0,0.0,0
5844100,3476100,2368000,6,0,1,0,0,0.0,0,0,45,1,2,0.0,0.0,0
4467821,2726571,1741250,4,0,1,0,0,0.0,1,0,36,1,9,0.0,3.0,0
1827971,1072971,755000,4,2,1,0,0,0.0,0,0,30,1,9,0.0,0.0,1
6053988,4598571,1455417,6,0,1,1,0,0.0,0,0,43,1,9,0.0,0.0,0
3893310,2711143,1182167,2,0,1,0,0,0.0,0,0,73,1,2,0.0,0.0,0
6514560,3290143,3224417,2,0,1,0,0,0.0,0,0,69,3,2,0.0,0.0,0
2980333,1920000,1060333,2,0,1,0,0,0.0,0,0,54,1,2,0.0,1.0,0
2566571,2018571,548000,2,2,0,0,0,0.0,0,0,38,1,2,0.0,0.0,0
4131429,2541429,1590000,5,0,1,0,0,0.0,0,0,38,1,9,0.0,1.0,0
3444833,2163000,1281833,5,0,1,0,1,0.0,0,0,51,1,2,0.0,0.0,0
3073305,2218971,854333,7,0,0,0,0,1.0,1,1,41,1,2,0.0,3.0,1
2792119,1924286,867833,4,0,1,0,0,0.0,0,0,38,1,6,0.0,3.0,0
1765566,1341373,424193,4,0,1,0,0,0.0,0,0,40,1,6,0.0,3.0,1
4609723,2849486,1760237,4,3,1,0,0,0.0,0,0,36,1,6,0.0,3.0,0
3559155,1922571,1636583,4,0,1,1,1,0.0,0,0,40,1,14,0.0,3.0,0
4649798,3535714,1114083,4,1,0,0,0,0.0,0,0,52,1,2,0.0,5.0,0
5348464,3595714,1752750,4,0,1,0,0,0.0,0,0,48,1,2,0.0,1.0,0
6221369,3694286,2527083,4,0,1,0,0,0.0,0,0,35,1,2,0.0,3.0,0
4199345,2520429,1678917,4,0,0,0,1,0.0,0,0,36,1,9,0.0,3.0,0
4512310,2612143,1900167,3,0,1,0,0,0.0,0,0,49,1,2,0.0,0.0,0
2669226,1730143,939083,4,1,1,0,0,0.0,1,1,38,1,2,0.0,0.0,0
5315905,3062571,2253333,4,0,1,0,0,1.0,0,0,58,1,5,0.0,3.0,0
4260345,2598429,1661917,4,2,1,1,0,0.0,0,0,39,1,9,0.0,3.0,0
3322417,2244000,1078417,3,0,1,0,0,0.0,0,0,49,3,2,0.0,1.0,0
5026214,3217714,1808500,3,0,1,0,1,0.0,0,0,31,1,11,0.0,3.0,0
4073690,2904857,1168833,3,0,1,0,0,0.0,0,0,28,1,2,0.0,3.0,0
7016357,4212857,2803500,6,0,1,0,0,0.0,0,0,41,1,11,0.0,0.0,0
6595595,4791429,1804167,4,0,1,0,1,0.0,0,0,36,1,6,0.0,0.0,0
2920333,1827000,1093333,4,2,1,0,0,0.0,0,0,37,1,9,0.0,1.0,0
7807488,4730571,3076917,4,0,1,0,0,0.0,0,0,47,1,9,0.0,3.0,0
6212905,3002571,3210333,4,0,1,0,1,0.0,0,0,45,1,9,0.0,3.0,0
1359524,867857,491667,1,0,0,0,0,0.0,0,0,62,3,2,0.0,1.0,0
8890857,5700857,3190000,4,0,1,0,0,0.0,0,0,56,1,2,0.0,1.0,0
10333586,5407286,4926300,5,0,1,0,0,0.0,0,0,39,1,9,0.0,0.0,0
7026179,4401429,2624750,5,0,1,0,0,0.0,0,0,39,1,2,0.0,1.0,0
7331976,3863143,3468833,3,0,1,0,0,0.0,0,0,46,1,9,0.0,3.0,0
4882321,2989071,1893250,4,0,0,0,0,0.0,0,0,33,1,9,0.0,3.0,0
3389524,2433857,955667,3,0,1,0,0,0.0,0,1,50,1,2,0.0,0.0,0
5908381,4441714,1466667,3,0,1,0,0,1.0,1,0,58,1,2,0.0,0.0,0
4461238,2018571,2442667,1,0,1,1,1,0.0,0,0,69,3,2,2.0,2.0,0
3953679,2496429,1457250,7,0,1,0,0,1.0,0,1,54,1,2,0.0,0.0,0
3227750,2409000,818750,2,1,0,0,0,0.0,0,0,62,1,2,0.0,2.0,0
4241929,2310429,1931500,5,0,1,0,0,0.0,0,0,43,1,2,0.0,4.0,0
8313202,4435286,3877917,5,0,1,0,0,0.0,0,0,58,1,6,0.0,3.0,0
2432507,1681757,750750,4,0,1,0,0,0.0,0,0,34,1,9,0.0,1.0,0
2921560,1937143,984417,5,0,1,0,0,0.0,1,0,48,3,2,0.0,1.0,0
5098238,3224571,1873667,3,0,1,1,0,0.0,0,0,56,1,2,0.0,1.0,0
4353381,2200714,2152667,2,0,1,0,0,0.0,0,0,49,3,6,0.0,2.0,0
3471184,2307857,1163327,4,0,0,0,0,0.0,1,1,54,1,0,0.0,3.0,0
10614381,5572714,5041667,8,0,1,0,0,0.0,0,0,49,1,9,0.0,3.0,0
2494857,1845857,649000,2,0,0,0,0,0.0,0,0,73,1,2,0.0,0.0,0
5767893,3050143,2717750,5,0,1,0,0,0.0,0,0,63,1,2,0.0,1.0,0
7482833,4137000,3345833,3,0,1,1,1,0.0,0,1,59,1,2,0.0,0.0,0
4176762,2976429,1200333,4,0,1,0,0,0.0,0,0,49,1,2,0.0,1.0,0
3331940,1805357,1526583,3,0,1,0,0,0.0,0,0,56,1,6,0.0,1.0,0
2945333,2235000,710333,2,0,0,0,0,0.0,0,0,39,1,6,0.0,0.0,0
4596964,2623714,1973250,2,0,1,0,0,0.0,1,1,45,2,2,0.0,0.0,0
3709848,2219014,1490833,4,3,1,0,0,0.0,0,0,39,1,2,0.0,3.0,0
5982012,3831429,2150583,3,0,1,0,0,0.0,0,0,36,1,9,0.0,1.0,0
3526481,2501314,1025167,3,0,1,0,0,1.0,0,1,66,1,2,0.0,1.0,0
4176333,2901000,1275333,5,0,1,0,1,0.0,1,0,48,1,2,0.0,0.0,0
5356750,3726000,1630750,2,0,0,0,0,0.0,0,0,78,1,2,0.0,3.0,0
6291839,3970714,2321125,4,0,1,0,0,1.0,1,1,40,1,2,0.0,0.0,0
4311002,2461586,1849417,4,0,1,0,0,0.0,0,0,31,1,6,0.0,3.0,0
4776821,2576571,2200250,4,0,1,0,0,0.0,0,0,39,1,9,0.0,0.0,0
2703524,1779857,923667,3,0,1,0,0,0.0,0,0,36,1,2,0.0,0.0,0
3715976,2324143,1391833,5,0,1,0,0,0.0,0,1,52,1,2,0.0,0.0,0
7317786,5134286,2183500,4,0,1,0,0,0.0,0,0,41,1,6,0.0,1.0,0
2325302,1561886,763417,5,0,0,0,0,0.0,0,0,36,1,0,0.0,3.0,1
2556405,1616571,939833,1,2,0,0,0,0.0,0,0,58,3,2,0.0,1.0,0
5362393,3647143,1715250,3,0,1,0,0,0.0,0,0,27,1,6,0.0,1.0,0
4686988,3368571,1318417,4,0,1,0,0,0.0,0,0,54,1,2,0.0,3.0,0
3706464,2488714,1217750,4,0,1,0,0,0.0,1,1,38,1,2,0.0,4.0,0
7811690,4755857,3055833,3,0,1,0,0,0.0,0,0,35,1,13,0.0,2.0,0
2825702,1714286,1111417,2,0,1,0,0,0.0,0,0,73,1,2,0.0,1.0,0
6446964,4837714,1609250,3,0,1,0,1,0.0,0,0,43,1,6,0.0,4.0,0
2479631,1594714,884917,4,0,1,0,0,0.0,0,1,59,1,2,0.0,0.0,0
3062500,2055000,1007500,2,2,0,0,0,0.0,0,1,58,1,6,0.0,1.0,0
4828405,3128571,1699833,3,0,1,0,0,0.0,0,0,32,1,6,0.0,1.0,0
2913631,1906714,1006917,4,0,1,0,0,0.0,0,0,45,1,9,0.0,3.0,0
6289131,3955714,2333417,3,0,1,0,1,0.0,0,0,62,1,9,0.0,0.0,0
6181881,3631714,2550167,5,0,1,0,0,1.0,1,1,37,1,9,0.0,3.0,0
3327476,1565143,1762333,2,0,1,0,0,0.0,0,0,64,1,2,0.0,0.0,0
4292440,2640857,1651583,4,0,1,0,0,0.0,0,0,48,1,2,0.0,1.0,0
5893036,3922286,1970750,4,0,1,0,0,0.0,1,1,39,1,6,0.0,4.0,0
7200940,3939857,3261083,4,0,1,1,0,0.0,1,0,45,1,6,0.0,0.0,0
2952702,1909286,1043417,4,0,1,0,0,0.0,0,0,37,1,9,0.0,3.0,0
3263690,1971857,1291833,4,0,1,0,0,0.0,1,0,42,1,9,0.0,0.0,0
6269774,2982857,3286917,2,0,1,0,0,0.0,0,0,35,1,2,0.0,3.0,0
4232071,2642571,1589500,3,0,1,0,0,0.0,0,1,50,1,2,0.0,3.0,0
6586202,4030286,2555917,4,0,1,0,0,1.0,1,0,37,1,2,0.0,3.0,0
4383857,2562857,1821000,2,0,1,0,0,0.0,0,0,66,1,6,0.0,3.0,0
1331857,633857,698000,1,0,0,0,0,0.0,0,0,59,3,2,0.0,2.0,0
4690762,2871429,1819333,4,0,1,0,0,0.0,0,0,40,1,5,0.0,1.0,0
8068702,5812286,2256417,5,0,0,0,0,0.0,0,0,30,1,2,0.0,3.0,0
1681929,798429,883500,2,0,1,0,0,0.0,0,0,58,3,2,0.0,4.0,0
4495571,3155571,1340000,3,2,1,0,0,0.0,0,0,30,1,9,3.0,3.0,0
4323976,2627143,1696833,7,0,1,0,0,0.0,0,0,42,1,6,0.0,3.0,0
2924012,1506429,1417583,2,0,1,0,0,0.0,0,0,58,1,2,0.0,3.0,0
10145321,5960571,4184750,5,0,1,0,0,0.0,0,0,51,1,9,0.0,1.0,0
2584012,1974429,609583,4,1,0,0,0,0.0,0,0,29,1,2,0.0,3.0,0
18916036,6154286,12761750,5,0,1,1,1,0.0,0,0,57,1,9,0.0,3.0,0
6715690,4032857,2682833,5,0,1,0,0,0.0,1,0,55,1,6,0.0,3.0,0
10079902,6105986,3973917,4,0,1,0,1,0.0,0,0,59,1,9,0.0,3.0,0
9091048,6535714,2555333,4,0,1,0,0,0.0,0,0,50,1,2,0.0,1.0,0
5606226,3287143,2319083,2,0,1,0,0,0.0,0,0,53,1,6,0.0,0.0,0
7158000,4521000,2637000,4,0,1,0,1,0.0,0,0,47,1,9,0.0,3.0,0
3497095,2127429,1369667,2,0,1,1,1,0.0,0,0,55,1,2,0.0,1.0,0
5872893,3167143,2705750,5,0,1,0,0,0.0,0,0,57,1,6,0.0,0.0,0
5292107,3609857,1682250,4,3,1,0,0,0.0,0,0,39,1,2,0.0,3.0,0
5843000,3780000,2063000,6,0,1,0,0,0.0,0,0,43,1,2,0.0,3.0,0
7830833,4440000,3390833,4,0,1,1,0,0.0,0,0,56,1,11,0.0,1.0,0
2576131,1255714,1320417,3,0,1,0,0,0.0,0,0,45,2,2,0.0,1.0,0
4141362,2973429,1167933,4,0,1,0,0,1.0,1,0,63,1,2,0.0,5.0,0
7419274,2604857,4814417,4,0,1,0,0,0.0,0,0,36,1,2,0.0,1.0,0
4608943,2115943,2493000,3,0,1,0,0,0.0,0,0,47,1,2,0.0,1.0,0
2923262,1707429,1215833,4,0,1,0,0,0.0,0,1,41,1,2,0.0,0.0,0
4242738,2648571,1594167,3,0,1,0,0,0.0,0,0,54,1,9,0.0,3.0,0
2682369,1807286,875083,1,0,1,0,0,0.0,1,1,73,2,2,0.0,1.0,0
3330857,2163857,1167000,3,0,1,0,0,0.0,0,0,38,1,2,0.0,1.0,0
3310405,2168571,1141833,2,0,0,0,0,0.0,0,0,72,1,2,0.0,1.0,0
2509570,1273286,1236285,3,0,1,0,1,0.0,0,0,28,1,14,0.0,3.0,0
2625417,1101000,1524417,1,0,1,0,0,0.0,0,0,65,3,2,0.0,0.0,0
1820667,1017000,803667,2,0,1,0,0,0.0,0,0,61,1,2,0.0,0.0,0
3021131,1615714,1405417,3,0,1,0,0,0.0,0,0,58,1,6,0.0,3.0,0
2151024,1392857,758167,2,0,1,0,0,0.0,0,0,66,1,6,0.0,1.0,0
4952226,2918143,2034083,5,1,1,0,0,0.0,1,1,44,1,6,0.0,3.0,0
4612131,2725714,1886417,3,0,1,0,0,0.0,0,1,63,1,2,0.0,3.0,0
1405929,807429,598500,1,0,0,0,0,0.0,0,0,57,3,2,0.0,0.0,0
1810877,1146488,664389,4,1,1,0,0,0.0,0,0,32,1,8,0.0,0.8217259988320151,1
1823978,1148464,675513,4,0,0,0,0,0.0,0,0,43,1,5,0.0,3.0,1
1992661,1208920,783740,4,0,1,0,0,0.0,0,0,33,1,5,0.0,0.0,1
2043935,1251246,792688,4,0,1,0,0,0.0,0,0,34,1,4,0.0,0.0,1
2174378,1584377,589999,5,0,0,0,0,0.0,0,0,46,1,1,0.0,3.0,1
2599222,1441696,1157525,6,0,1,0,0,0.0,0,0,35,1,4,0.0,3.0,1
2173327,1329793,843533,4,0,1,0,0,0.0,0,0,37,1,4,0.0,2.2441143171774556,1
3370943,2185784,1185158,6,0,1,0,0,0.0,0,0,46,1,2,0.0,1.156912762684532,1
1767148,1334568,432579,4,0,1,0,0,0.0,0,0,39,1,6,0.0,2.9239477697536276,1
1484622,844645,639976,4,0,0,0,0,0.0,0,0,62,1,2,0.0,1.0747031706441499,1
2605164,1422671,1182493,6,0,1,0,0,0.0,0,0,36,1,5,0.0,3.0,1
2289034,1353667,935368,4,0,1,0,0,0.0,0,0,36,1,3,0.0,0.9120773817189063,1
2423170,1370076,1053094,5,0,1,0,0,0.0,0,0,37,1,4,0.0,1.7731411667571904,1
2518216,1569892,948322,5,0,0,0,0,0.0,0,0,29,1,1,0.0,3.0,1
2972886,2152241,820644,6,0,0,0,0,0.843562957328914,0,0,39,1,1,0.0,3.0,1
1858140,1403632,454507,4,0,1,0,0,0.0,0,0,42,1,4,0.0,3.0,1
3099442,2115190,984252,6,0,1,0,0,0.0,0,0,46,1,2,0.0,2.0984533294122407,1
1782695,1284756,497938,4,0,1,0,0,0.0,0,0,41,1,6,0.0,3.0,1
3182384,2210932,971451,7,0,0,0,0,0.6601973767177313,0,0,42,1,2,0.0,2.3203947534354628,1
1864482,1431119,433362,4,0,0,0,0,0.0,0,0,43,1,2,0.0,3.0,1
1761414,935521,825893,4,0,1,0,0,0.0,0,0,38,1,2,0.0,3.0,1
2386464,1564424,822040,5,0,0,0,0,0.0,0,0,33,1,0,0.0,3.0,1
2252494,1430408,822085,5,0,0,0,0,0.0,0,0,37,1,3,0.0,3.5543540525114006,1
2286747,1687118,599627,5,0,0,0,0,0.38827925376564776,0,0,44,1,2,0.0,3.0,1
2500421,1507311,993110,5,0,0,0,0,0.5803999375722101,0,0,42,1,1,0.0,1.8392001248555798,1
1808934,1089171,719763,4,0,1,0,0,0.0,0,0,42,1,5,0.0,3.0,1
2062830,1260028,802801,4,0,1,0,0,0.0,0,0,40,1,6,0.0,3.644027321348738,1
2631004,1687286,943717,6,0,1,0,0,0.0,0,0,32,1,2,0.0,3.0,1
3390026,2193565,1196460,6,0,1,0,0,0.0,0,0,46,1,2,0.0,1.0287869772595117,1
2397052,1768939,628112,5,1,0,0,0,0.0,0,0,34,1,0,0.0,3.0,1
1473087,846379,626707,4,0,0,0,0,0.0,0,0,61,1,2,0.0,0.9539973579782473,1
2843890,2040893,802997,5,0,0,0,0,0.040728802318970136,0,0,45,1,2,0.0,3.0,1
3119703,2215551,904150,7,0,0,0,0,0.8554605840110072,0,0,41,1,2,0.0,2.7109211680220144,1
2232884,1394998,837887,5,0,0,0,0,0.0,0,0,37,1,4,0.0,3.703657859380024,1
2542708,1698785,843922,5,0,0,0,0,0.4741738290873252,0,0,32,1,2,0.0,3.0,1
3040535,2050963,989572,5,0,0,0,0,0.09783416065100148,1,1,46,1,2,0.0,3.0,1
1826797,1107398,719398,4,1,1,0,0,0.0,0,0,36,1,7,0.0,1.4748476253504972,1
2655715,1927739,727975,5,0,0,0,0,0.0,0,0,39,1,1,0.0,3.0,1
1410810,927016,483792,4,0,0,0,0,0.0,0,0,36,1,2,0.0,0.17320186991001518,1
1797779,1009083,788695,4,1,1,0,0,0.0,0,0,33,1,5,0.0,1.3015549477139192,1
2738366,1859000,879365,6,0,1,0,0,0.0,0,0,38,1,2,0.0,3.0,1
1690522,1027178,663343,4,0,0,0,0,0.0,0,0,51,1,4,0.0,2.231700196104433,1
1944369,1169056,775313,4,1,1,0,0,0.0,0,0,32,1,6,0.0,0.0,1
2199914,1335458,864455,5,0,0,0,0,0.0,0,0,37,1,5,0.0,3.9546959902279557,1
2243164,1413561,829603,5,0,0,0,0,0.0,0,0,37,1,3,0.0,3.6253873853735286,1
2946852,2058568,888284,6,0,1,0,0,0.0,0,0,46,1,2,0.0,3.0,1
2260044,1444043,816001,5,0,0,0,0,0.0,0,0,36,1,2,0.0,3.4968637414199124,1
1764640,1345378,419261,4,0,0,0,0,0.0,0,0,40,1,5,0.0,3.0,1
2238790,1405662,833128,5,0,0,0,0,0.0,0,0,37,1,3,0.0,3.658693631618945,1
1709429,1300574,408855,4,0,0,0,0,0.0,0,0,40,1,2,0.0,2.511196718755711,1
2167967,1311890,856077,4,0,1,0,0,0.0,0,0,38,1,6,0.0,3.9294312525995703,1
1787026,1270438,516588,4,0,1,0,0,0.0,0,0,41,1,6,0.0,3.0,1
1765395,1342113,423282,4,0,0,0,0,0.0,0,0,40,1,5,0.0,3.0,1
1762895,1352935,409960,4,0,0,0,0,0.0,0,0,40,1,4,0.0,3.0,1
2146267,1351460,794808,4,0,1,0,0,0.0,0,0,36,1,2,0.0,0.17930927572512712,1
3222895,2125418,1097476,6,0,1,0,0,0.0,0,0,46,1,2,0.0,2.150948355751758,1
2451132,1366773,1084359,5,0,1,0,0,0.0,0,0,38,1,6,0.0,3.3881699262065217,1
2348441,1375774,972666,5,0,0,0,0,0.3567117815576468,0,0,41,1,4,0.0,2.9298646553270595,1
1457992,873265,584727,3,0,0,0,0,0.0,0,0,42,1,2,0.0,1.9165057809830333,1
1789319,1266465,522853,4,0,0,0,0,0.0,0,0,42,1,3,0.0,3.0,1
2526992,1824152,702839,5,1,0,0,0,0.9414648087765252,0,0,36,1,2,0.0,3.0,1
2742071,1864926,877144,6,0,1,0,0,0.0,0,0,39,1,2,0.0,3.0,1
1838055,1150501,687553,4,0,1,0,0,0.0,0,0,43,1,5,0.0,2.883571691471743,1
2188430,1349839,838591,5,0,1,0,0,0.0,0,0,39,1,5,0.0,3.9053506419560637,1
2533739,1614810,918928,5,0,0,0,0,0.0,0,0,28,1,1,0.0,3.0,1
1785225,1384606,400618,4,0,0,0,0,0.0,0,0,41,1,2,0.0,3.0,1
1818810,1121102,697708,4,0,1,0,0,0.0,0,0,43,1,5,0.0,3.0,1
1752837,926112,826725,4,0,1,0,0,0.0,0,0,37,1,2,0.0,2.945334523045351,1
1821398,1059063,762335,4,1,1,0,0,0.0,0,0,30,1,8,0.0,0.2833288822677852,1
2653364,1723048,930314,6,0,1,0,0,0.0,0,0,33,1,2,0.0,3.0,1
2615196,1398753,1216443,5,0,0,0,0,0.07118864846022899,0,0,38,1,5,0.0,2.8576227030795422,1
1572631,1009908,562722,4,0,1,0,0,0.0,0,0,37,1,3,0.0,0.9569268908812839,1
2385497,1761041,624455,5,1,0,0,0,0.0,0,0,35,1,0,0.0,3.0,1
3090877,2073288,1017589,6,0,1,0,0,0.0,0,0,46,1,2,0.0,3.0,1
2778386,2001744,776642,5,0,0,0,0,0.0,0,0,43,1,1,0.0,3.0,1
1397871,837948,559922,3,0,0,0,0,0.0,0,0,58,1,2,0.0,1.0,1
1766604,943114,823489,4,0,1,0,0,0.0,0,0,37,1,2,0.0,2.6455055171350312,1
2618151,1416019,1202131,5,0,0,0,0,0.30326283463584935,0,0,41,1,4,0.0,2.393474330728301,1
2758203,1757947,1000255,6,0,1,0,0,0.0,0,0,35,1,2,0.0,3.0,1
2090177,1559686,530489,4,0,1,0,0,0.0,0,0,47,1,2,0.0,3.0,1
1776727,1309336,467390,4,0,0,0,0,0.0,0,0,41,1,3,0.0,3.0,1
1771587,968414,803172,4,0,1,0,0,0.0,0,0,39,1,2,0.0,3.0,1
2189034,1582193,606840,5,0,0,0,0,0.0,0,0,45,1,1,0.0,3.0,1
1771336,1316708,454628,4,0,0,0,0,0.0,0,0,39,1,3,0.0,2.4676813686608314,1
2404939,1734923,670015,5,1,0,0,0,0.0,0,0,33,1,0,0.0,3.0,1
1771957,1325575,446382,4,0,0,0,0,0.0,0,0,41,1,2,0.0,3.0,1
1827317,1075784,751532,4,1,0,0,0,0.0,0,0,30,1,8,0.0,0.02848457399797999,1
1959588,1181619,777969,4,1,1,0,0,0.0,0,0,32,1,6,0.0,0.0,1
2172216,1423468,748747,5,0,1,0,0,0.0,0,0,42,1,4,0.0,3.6279819142072167,1
1634406,904067,730338,3,0,0,0,0,0.0,0,0,39,1,2,0.0,2.5528259214839935,1
2515285,1646835,868449,5,0,0,0,0,0.0,0,0,29,1,1,0.0,3.0,1
1799864,1129467,670396,4,0,1,0,0,0.0,0,0,43,1,5,0.0,2.792271976810694,1
2540637,1602839,937796,5,0,0,0,0,0.0,0,0,28,1,1,0.0,3.0,1
2490315,1465712,1024604,5,0,0,0,0,0.0,0,0,37,1,3,0.0,3.0,1
2292581,1502799,789783,5,0,0,0,0,0.0,0,0,36,1,1,0.0,3.2491289322085026,1
2588958,1897115,691842,5,1,0,0,0,0.24545712591531765,0,0,34,1,0,0.0,3.0,1
2113811,1316353,797458,4,0,1,0,0,0.0,0,0,36,1,2,0.0,0.3093716065077978,1
1508493,864056,644437,4,0,0,0,0,0.0,0,0,59,1,2,0.0,0.9025529066795667,1
3246941,2135223,1111718,6,0,1,0,0,0.0,0,0,46,1,2,0.0,1.9894952551042857,1
1883327,1118667,764660,4,1,1,0,0,0.0,0,0,31,1,7,0.0,0.0,1
2596484,1450462,1146021,6,0,1,0,0,0.0,0,0,34,1,4,0.0,3.0,1
1232119,830216,401902,3,0,0,0,0,0.0,0,0,47,1,2,0.0,1.0,1
2580308,1502248,1078058,6,0,1,0,0,0.0,0,0,31,1,3,0.0,3.0,1
2195387,1327284,868103,5,0,0,0,0,0.0,0,0,37,1,5,0.0,3.9891623485197014,1
2192375,1348734,843641,4,0,0,0,0,0.09461802358073634,0,0,37,1,2,0.0,0.09461802358073634,1
1793852,963193,830658,4,0,1,0,0,0.0,0,0,37,1,2,0.0,2.7261399696415993,1
1586265,937773,648492,4,0,0,0,0,0.0,0,0,56,1,3,0.0,1.6386272751808297,1
2155858,1347552,808307,4,0,0,0,0,0.0,0,0,36,1,1,0.0,0.14981409884758534,1
1822263,1132267,689996,4,0,1,0,0,0.0,0,0,43,1,5,0.0,3.0,1
1974952,1495949,479002,4,0,0,0,0,0.0,0,0,45,1,2,0.0,3.0,1
3055090,2103138,951951,6,0,1,0,0,0.0,0,0,46,1,2,0.0,2.2636744243395985,1
2483037,1818581,664455,5,2,0,0,0,0.5515544780216802,0,0,35,1,1,0.0,3.0,1
2548794,1650235,898557,5,0,0,0,0,0.29321077169806453,0,0,30,1,2,0.0,3.0,1
2759232,1892374,866858,6,0,1,0,0,0.0,0,0,40,1,2,0.0,3.0,1
2205358,1410165,795193,4,0,0,0,0,0.0,0,0,36,1,1,0.0,0.9824446317688849,1
1469085,867765,601319,4,0,0,0,0,0.0,0,0,56,1,2,0.0,0.75237452943768,1
2788148,2005749,782399,5,0,0,0,0,0.20842095627415147,0,0,44,1,2,0.0,3.0,1
1895078,1128367,766711,4,1,1,0,0,0.0,0,0,31,1,7,0.0,0.0,1
1488249,959008,529240,4,0,1,0,0,0.0,0,0,34,1,2,0.0,0.0,1
2374274,1446765,927509,5,0,1,0,0,0.0,0,0,33,1,4,0.0,3.5055796952974188,1
2556719,1587013,969705,5,0,0,0,0,0.057558760016644284,0,0,28,1,2,0.0,3.0,1
2621287,1434341,1186945,5,0,0,0,0,0.5495288823237355,0,0,43,1,3,0.0,1.900942235352529,1
2161316,1472963,688352,5,0,1,0,0,0.0,0,0,44,1,3,0.0,3.441530501373377,1
2351506,1562973,788533,5,0,0,0,0,0.0,0,0,35,1,0,0.0,3.0,1
1826420,1118425,707995,4,1,1,0,0,0.0,0,0,39,1,7,0.0,1.9472549623437638,1
2309926,1534120,775806,5,0,0,0,0,0.0,0,0,36,1,0,0.0,3.117067016427606,1
2177815,1619090,558724,5,0,0,0,0,0.0,0,0,46,1,1,0.0,3.0,1
2380954,1564195,816758,5,0,0,0,0,0.0,0,0,34,1,0,0.0,3.0,1
2157823,1488824,668998,5,0,1,0,0,0.0,0,0,44,1,3,0.0,3.3817819366837387,1
2151705,1335115,816591,4,0,1,0,0,0.0,0,0,36,1,2,0.0,0.404490704491161,1
1764233,938099,826134,4,0,1,0,0,0.0,0,0,37,1,2,0.0,2.7476795816550075,1
2342916,1731937,610978,5,1,0,0,0,0.0,0,0,37,1,0,0.0,3.0,1
2462397,1811115,651281,5,1,0,0,0,0.0,0,0,33,1,0,0.0,3.0,1
2781535,2003644,777891,5,0,0,0,0,0.0,0,0,43,1,1,0.0,3.0,1
2222425,1649581,572843,5,0,0,0,0,0.0,0,0,44,1,1,0.0,3.0,1
1851725,1158723,693002,4,0,1,0,0,0.0,0,0,43,1,5,0.0,2.7559536580743007,1
2334302,1581443,752860,5,0,0,0,0,0.0,0,0,35,1,0,0.0,3.0,1
1827137,1076556,750580,4,1,1,0,0,0.0,0,0,30,1,8,0.0,0.04008126449647342,1
1461582,907871,553710,4,0,0,0,0,0.0,0,0,45,1,2,0.0,0.3742707957561203,1
2537489,1740418,797069,5,1,0,0,0,0.6293578529331091,0,0,33,1,2,0.0,3.0,1
2144809,1383813,760996,4,0,1,0,0,0.0,0,0,38,1,2,0.0,0.561601298227492,1
2216136,1328340,887796,5,0,1,0,0,0.0,0,0,38,1,6,0.0,3.9472485773838586,1
2559433,1569077,990355,6,0,1,0,0,0.0,0,0,28,1,2,0.0,3.0,1
2281316,1506248,775069,4,0,0,0,0,0.0,0,0,36,1,0,0.0,2.260134555776825,1
2479279,1709319,769958,5,1,0,0,0,0.0,0,0,31,1,0,0.0,3.0,1
2406690,1775526,631163,5,1,0,0,0,0.0,0,0,34,1,0,0.0,3.0,1
3327931,2168246,1159684,6,0,1,0,0,0.0,0,0,46,1,2,0.0,1.4457061681451264,1
3430934,1977488,1453446,7,0,0,0,0,0.0,0,0,43,1,0,0.0,2.11680849947161,1
2249680,1425327,824353,5,0,0,0,0,0.0,0,0,37,1,3,0.0,3.5757779907530236,1
2347154,1562792,784362,5,0,0,0,0,0.0,0,0,35,1,0,0.0,3.0,1
2619421,1479389,1140031,5,0,0,0,0,0.8888025176938487,0,0,45,1,2,0.0,1.2223949646123027,1
2803208,2032209,770997,6,0,0,0,0,1.0,1,1,39,1,2,0.0,3.0,1
1458372,949789,508581,4,0,1,0,0,0.0,0,0,35,1,2,0.0,0.034060934302257206,1
1938941,1457974,480966,4,0,1,0,0,0.0,0,0,44,1,4,0.0,3.0,1
2562504,1565731,996771,5,0,0,0,0,0.05630327568183735,0,0,29,1,2,0.0,2.8873934486363253,1
1827687,1081291,746395,4,1,1,0,0,0.0,0,0,31,1,8,0.0,0.35645374880421576,1
2481467,1822620,658846,5,1,0,0,0,0.0,0,0,34,1,0,0.0,3.0,1
2430725,1484976,945748,5,0,1,0,0,0.0,0,0,31,1,3,0.0,3.350789697883936,1
2664262,1936134,728127,5,1,0,0,0,1.0,1,1,38,1,2,0.0,3.0,1
1761805,1357656,404148,4,0,0,0,0,0.0,0,0,40,1,3,0.0,3.0,1
2866470,2050353,816117,6,0,1,0,0,0.0,0,0,46,1,2,0.0,3.0,1
1372747,836776,535970,3,0,0,0,0,0.0,0,0,56,1,2,0.0,1.0,1
1808435,1199677,608757,4,0,1,0,0,0.0,0,0,42,1,6,0.0,3.0,1
1827657,1082172,745484,4,1,1,0,0,0.0,0,0,31,1,8,0.0,0.3942026154316194,1
1897439,1186217,711222,4,0,1,0,0,0.0,0,0,42,1,5,0.0,2.329212484441642,1
2436078,1784291,651785,5,1,0,0,0,0.0,0,0,32,1,0,0.0,3.0,1
2143045,1333936,809110,4,0,1,0,0,0.0,0,0,36,1,2,0.0,0.036463424069449024,1
1826091,1081055,745035,4,1,1,0,0,0.0,0,0,30,1,8,0.0,0.09036351987708269,1
2516404,1827859,688544,5,1,0,0,0,0.9568400880494239,0,0,36,1,1,0.0,3.0,1
2187600,1353610,833989,5,0,1,0,0,0.0,0,0,39,1,5,0.0,3.891143113698071,1
1660790,963647,697143,4,1,0,0,0,0.0,0,0,45,1,5,0.0,0.47229889091370014,1
1830215,1074823,755391,4,1,1,0,0,0.0,0,0,30,1,8,0.0,0.0,1
2549263,1587868,961394,5,0,0,0,0,0.0,0,0,28,1,1,0.0,3.0,1
1315550,881844,433705,3,0,0,0,0,0.0,0,0,41,1,2,0.0,0.5538542844013208,1
1749651,923128,826522,4,0,0,0,0,0.0,0,0,38,1,2,0.0,2.938605071238198,1
1762491,1354684,407806,4,0,0,0,0,0.0,0,0,40,1,4,0.0,3.0,1
2157169,1491792,665377,5,0,1,0,0,0.0,0,0,44,1,3,0.0,3.3706013618647375,1
3089401,2118008,971392,6,0,0,0,0,0.30425131101538283,1,1,45,1,2,0.0,3.0,1
1793931,1219373,574558,4,0,1,0,0,0.0,0,0,35,1,7,0.0,1.6363768056966803,1
1800829,1227278,573550,4,0,0,0,0,0.0,0,0,42,1,4,0.0,3.0,1
3086823,2134178,952643,6,0,0,0,0,0.41568568807689976,1,1,44,1,2,0.0,3.0,1
1765688,1346919,418768,4,0,0,0,0,0.0,0,0,41,1,2,0.0,3.0,1
1825134,1085168,739966,4,1,1,0,0,0.0,0,0,30,1,8,0.0,0.1363391410243736,1
1763754,1349215,414539,4,0,0,0,0,0.0,0,0,40,1,4,0.0,3.0,1
3456642,1824572,1632071,7,0,0,0,0,0.0,0,0,41,1,0,0.0,2.9008229681531175,1
1821122,1102424,718698,4,1,1,0,0,0.0,0,0,31,1,8,0.0,0.32920864832725094,1
2244035,1459089,784946,4,0,0,0,0,0.0,0,0,36,1,0,0.0,1.6330297416428612,1
1949141,1172995,776146,4,1,1,0,0,0.0,0,0,32,1,6,0.0,0.0,1
1538541,941508,597032,4,0,1,0,0,0.0,0,0,35,1,2,0.0,0.832143548943398,1
2587556,1879281,708274,5,1,0,0,0,0.8118788402762387,0,0,38,1,2,0.0,3.0,1
2621119,1433357,1187761,5,0,0,0,0,0.5363015950600178,0,0,43,1,3,0.0,1.9273968098799643,1
2142907,1425996,716910,4,0,1,0,0,0.0,0,0,40,1,2,0.0,1.0600566840781585,1
2369474,1657864,711609,5,0,0,0,0,0.0,0,0,34,1,0,0.0,3.0,1
2615279,1399240,1216039,5,0,0,0,0,0.07773463696498484,0,0,38,1,5,0.0,2.8445307260700305,1
2442306,1798994,643310,5,1,0,0,0,0.0,0,0,33,1,0,0.0,3.0,1
2626081,1469287,1156794,5,0,0,0,0,0.9862107444796029,0,0,47,1,2,0.0,1.0275785110407942,1
2548503,1652549,895953,5,0,0,0,0,0.30183828598025486,0,0,30,1,2,0.0,3.0,1
3424737,2014352,1410385,7,0,0,0,0,0.0,0,0,43,1,1,0.0,1.9278072673117592,1
1376694,910839,465854,4,0,0,0,0,0.0,0,0,38,1,2,0.0,0.30952761628632774,1
1758364,1049620,708743,4,1,1,0,0,0.0,0,0,30,1,7,0.0,0.0,1
2283895,1487113,796782,5,0,0,0,0,0.0,0,0,36,1,1,0.0,3.3152688274461206,1
2896296,2053401,842894,6,0,1,0,0,0.0,0,0,46,1,2,0.0,3.0,1
2308396,1564405,743991,5,0,0,0,0,0.0,0,0,37,1,0,0.0,3.0,1
2552686,1619181,933504,5,0,0,0,0,0.177462757076831,0,0,29,1,2,0.0,3.0,1
2556966,1585038,971926,5,0,0,0,0,0.050200086708075964,0,0,28,1,2,0.0,3.0,1
2229987,1389765,840222,5,0,0,0,0,0.0,0,0,37,1,4,0.0,3.72571950838836,1
1681994,1067450,614544,4,0,1,0,0,0.0,0,0,40,1,4,0.0,1.8402455878073696,1
1631140,934855,696284,4,0,1,0,0,0.0,0,0,36,1,2,0.0,1.7452708911281434,1
2161708,1606967,554739,5,0,0,0,0,0.06727151664598674,0,0,48,1,2,0.0,3.0,1
2307711,1530120,777591,5,0,0,0,0,0.0,0,0,36,1,0,0.0,3.1339361104995915,1
2593157,1390871,1202285,5,0,1,0,0,0.0,0,0,37,1,5,0.0,2.864343989681432,1
1826136,1069088,757047,4,1,1,0,0,0.0,0,0,30,1,8,0.0,0.07910092349175601,1
2545994,1672570,873422,5,0,0,0,0,0.3764633668780496,0,0,31,1,2,0.0,3.0,1
1816148,1123818,692329,4,1,1,0,0,0.0,0,0,31,1,8,0.0,0.5683400076545011,1
2323630,1558868,764763,5,0,0,0,0,0.0,0,0,36,1,0,0.0,3.0127238706850554,1
3040833,2193469,847363,6,0,0,0,0,0.8495831088964718,0,0,41,1,2,0.0,3.0,1
1827001,1101393,725608,4,1,1,0,0,0.0,0,0,35,1,7,0.0,1.2176078539435946,1
2448951,1733980,714971,5,1,0,0,0,0.6191091433689785,0,0,36,1,1,0.0,3.0,1
2321350,1554750,766601,5,0,0,0,0,0.0,0,0,36,1,0,0.0,3.030085602185397,1
1713482,912418,801064,4,0,0,0,0,0.0,0,0,41,1,2,0.0,2.6842378462714174,1
1504501,1011237,493262,4,0,1,0,0,0.0,0,0,35,1,2,0.0,0.48501388586658667,1
1797453,1235976,561477,4,0,1,0,0,0.0,0,0,42,1,6,0.0,3.0,1
1791452,1230034,561418,4,0,1,0,0,0.0,0,0,35,1,7,0.0,1.7555414929870046,1
3228700,1692647,1536053,6,0,0,0,0,0.0,0,0,40,1,1,0.0,3.0,1
2611153,1403498,1207655,6,0,1,0,0,0.0,0,0,37,1,5,0.0,3.0,1
2352319,1599489,752831,5,0,0,0,0,0.13527762374494678,0,0,36,1,0,0.0,3.0,1
2183026,1374380,808645,5,0,1,0,0,0.0,0,0,40,1,5,0.0,3.8129010091300777,1
2325264,1561819,763446,5,0,0,0,0,0.0,0,0,36,1,0,0.0,3.0002823267138696,1
2558884,1571222,987661,5,0,0,0,0,0.0033631629260946205,0,0,28,1,2,0.0,2.9932736741478108,1
2953400,2124801,828598,6,0,0,0,0,0.44456829439737255,0,0,43,1,2,0.0,3.0,1
1764076,1347821,416255,4,0,0,0,0,0.0,0,0,40,1,5,0.0,3.0,1
2425537,1779680,645856,5,1,0,0,0,0.0,0,0,33,1,0,0.0,3.0,1
1769737,1113616,656120,4,0,1,0,0,0.0,0,0,42,1,5,0.0,2.5489421720322345,1
3261516,2159229,1102286,6,0,1,0,0,0.0,0,0,46,1,2,0.0,1.4946962034863953,1
1633479,945787,687691,4,0,0,0,0,0.0,0,0,48,1,5,0.0,0.5494558646899065,1
2802403,2016233,786169,5,0,0,0,0,0.0,0,0,44,1,1,0.0,3.0,1
2330177,1572478,757699,5,0,0,0,0,0.0,0,0,35,1,0,0.0,3.0,1
3087328,2131006,956321,6,0,0,0,0,0.39382536554911995,1,1,44,1,2,0.0,3.0,1
2505300,1569356,935943,5,0,0,0,0,0.0,0,0,29,1,1,0.0,3.0,1
1556391,1076855,479534,4,0,1,0,0,0.0,0,0,36,1,3,0.0,0.9848979467824299,1
1800202,1229412,570790,4,0,0,0,0,0.0,0,0,42,1,4,0.0,3.0,1
2241004,1409660,831344,5,0,0,0,0,0.0,0,0,37,1,3,0.0,3.6418372819671596,1
2819681,2025630,794051,5,0,0,0,0,0.11355759219962902,0,0,44,1,2,0.0,3.0,1
1803754,1217318,586436,4,0,0,0,0,0.0,0,0,43,1,4,0.0,3.0,1
2239748,1453667,786082,4,0,0,0,0,0.0,0,0,36,1,0,0.0,1.56092310271138,1
2292563,1357305,935258,5,0,0,0,0,0.22768160826436068,0,0,40,1,5,0.0,3.316955175206918,1
1790626,1029975,760651,4,0,1,0,0,0.0,0,0,40,1,3,0.0,3.0,1
1774437,1312049,462387,4,0,1,0,0,0.0,0,0,40,1,6,0.0,3.0,1
1762007,1356778,405229,4,0,0,0,0,0.0,0,0,40,1,3,0.0,3.0,1
2978522,2144531,833989,6,0,0,0,0,0.5609379715353863,0,0,43,1,2,0.0,3.0,1
1819387,1054807,764579,4,1,1,0,0,0.0,0,0,30,1,8,0.0,0.37003919202496505,1
2685532,1945727,739804,5,0,0,0,0,0.0,0,0,40,1,1,0.0,3.0,1
1816576,1113880,702696,4,0,1,0,0,0.0,0,0,43,1,5,0.0,3.0,1
1823648,1136745,686902,4,0,1,0,0,0.0,0,0,43,1,5,0.0,3.0,1
1775420,961771,813649,4,0,1,0,0,0.0,0,0,36,1,3,0.0,2.265411767020857,1
1801828,1185478,616349,4,1,0,0,0,0.0,0,0,34,1,6,0.0,1.139071345939606,1
2597826,1446164,1151661,6,0,1,0,0,0.0,0,0,35,1,4,0.0,3.0,1
1764193,1347317,416875,4,0,0,0,0,0.0,0,0,40,1,5,0.0,3.0,1
3076459,2199181,877277,6,0,0,0,0,0.8636285244132302,1,1,41,1,2,0.0,3.0,1
3070165,2216505,853659,6,0,0,0,0,0.9854553343321181,0,0,41,1,2,0.0,3.0,1
1826420,1118448,707971,4,1,1,0,0,0.0,0,0,39,1,7,0.0,1.948237323580209,1
1570641,1014193,556448,3,0,0,0,0,0.0,0,0,44,1,4,0.0,2.179835373709266,1
1799223,1057770,741452,4,0,1,0,0,0.0,0,0,41,1,4,0.0,3.0,1
1923778,1465917,457860,4,0,0,0,0,0.0,0,0,44,1,2,0.0,3.0,1
1789984,1124269,665714,4,0,1,0,0,0.0,0,0,43,1,5,0.0,2.712476083481245,1
2514337,1648480,865855,5,0,0,0,0,0.0,0,0,29,1,1,0.0,3.0,1
2376865,1673925,702940,5,0,0,0,0,0.0,0,0,34,1,0,0.0,3.0,1
2797234,1482542,1314691,6,0,0,0,0,0.0,0,0,38,1,4,0.0,3.0,1
2389326,1700999,688326,5,1,0,0,0,0.0,0,0,34,1,0,0.0,3.0,1
3219402,2062612,1156789,7,0,0,0,0,0.6220867002278735,0,0,41,1,1,0.0,3.0,1
1496129,1005614,490513,4,0,0,0,0,0.0,0,0,35,1,2,0.0,0.41290887375976437,1
2170542,1339171,831371,4,0,1,0,0,0.0,0,0,36,1,2,0.0,0.15143812902707365,1
2889178,2074364,814814,6,0,0,0,0,0.14707348092903794,0,0,45,1,2,0.0,3.0,1
1454171,840575,613596,3,0,0,0,0,0.0,0,0,61,1,2,0.0,1.0,1
2478541,1514130,964411,5,0,0,0,0,0.5078837069204618,0,0,42,1,1,0.0,1.9842325861590764,1
3255666,2157640,1098026,6,0,1,0,0,0.0,0,0,46,1,2,0.0,1.5164887765979167,1
3077494,1650329,1427165,6,0,0,0,0,0.4591357562382613,0,0,44,1,0,0.0,2.0817284875234776,1
3387904,2195786,1192117,7,0,0,0,0,0.019967424714522952,0,0,45,1,2,0.0,1.039934849429046,1
3043334,1602382,1440952,6,0,0,0,0,0.0,0,0,39,1,2,0.0,3.0,1
2581131,1537474,1043655,5,0,0,0,0,0.3287516102875082,0,0,34,1,2,0.0,2.342496779424984,1
2176729,1328956,847773,4,0,1,0,0,0.0,0,0,37,1,4,0.0,2.533603417266903,1
1263997,857398,406599,3,0,0,0,0,0.0,0,0,43,1,2,0.0,0.7598543812218069,1
3056927,2206108,850818,6,0,0,0,0,0.9241366718913361,0,0,41,1,2,0.0,3.0,1
2560118,1384597,1175521,5,0,1,0,0,0.0,0,0,38,1,6,0.0,3.128879721910649,1
2802877,2016519,786358,5,0,0,0,0,0.0,0,0,44,1,1,0.0,3.0,1
3331445,1742679,1588766,6,0,0,0,0,0.0,0,0,40,1,0,0.0,3.0,1
1522809,883356,639452,4,0,0,0,0,0.0,0,0,60,1,2,0.0,1.2776543452988203,1
2032397,1241722,790675,4,0,1,0,0,0.0,0,0,33,1,4,0.0,0.0,1
1814667,1179080,635587,4,0,1,0,0,0.0,0,0,43,1,6,0.0,3.0,1
1398049,1006045,392004,3,0,0,0,0,0.0,0,0,43,1,3,0.0,1.6913345666477264,1
2475369,1818940,656427,5,1,0,0,0,0.0,0,0,34,1,0,0.0,3.0,1
2620988,1432594,1188394,5,0,0,0,0,0.5260383597371276,0,0,43,1,3,0.0,1.9479232805257447,1
1618909,1038579,580329,3,0,0,0,0,0.0,0,0,44,1,4,0.0,2.3351154770420544,1
2536726,1609626,927098,5,0,0,0,0,0.0,0,0,28,1,1,0.0,3.0,1
3390006,1856883,1533124,6,0,0,0,0,0.0,0,0,42,1,0,0.0,3.0,1
1229307,841736,387570,3,0,0,0,0,0.0,0,0,45,1,2,0.0,1.0817372325329577,1
1298785,915474,383310,3,0,0,0,0,0.0,0,0,44,1,2,0.0,1.337870126144329,1
3079750,2178543,901205,6,0,0,0,0,0.7214096609680414,1,1,42,1,2,0.0,3.0,1
2616544,1406626,1209917,5,0,0,0,0,0.17701048427674682,0,0,39,1,5,0.0,2.6459790314465064,1
1765014,1349213,415800,4,0,0,0,0,0.0,0,0,41,1,2,0.0,3.0,1
1727998,1293866,434132,4,0,1,0,0,0.0,0,0,39,1,5,0.0,2.6380923866981973,1
2295056,1699224,595831,5,1,0,0,0,0.0,0,0,40,1,0,0.0,3.0,1
2527968,1440709,1087259,4,0,0,0,0,0.7936662815942075,0,0,45,1,2,0.0,0.7936662815942075,1
2469273,1415714,1053558,5,0,0,0,0,0.6357301389519245,0,0,44,1,3,0.0,2.092809583144226,1
1792211,1035099,757112,4,0,1,0,0,0.0,0,0,41,1,4,0.0,3.0,1
2020969,1513141,507827,4,0,1,0,0,0.0,0,0,46,1,3,0.0,3.0,1
1825676,1140247,685429,4,1,1,0,0,0.0,0,0,43,1,6,0.0,2.882063580476703,1
2184533,1327035,857498,4,0,1,0,0,0.0,0,0,37,1,5,0.0,3.1976415956361706,1
1784275,980508,803767,4,0,1,0,0,0.0,0,0,35,1,4,0.0,1.8837011684727232,1
2876970,2051426,825544,6,0,1,0,0,0.0,0,0,46,1,2,0.0,3.0,1
2529275,1805939,723335,5,1,0,0,0,0.8735786241067772,0,0,35,1,2,0.0,3.0,1
2601208,1611315,989892,6,0,1,0,0,0.0,0,0,29,1,2,0.0,3.0,1
3398319,2171488,1226831,7,0,0,0,0,0.0,0,0,45,1,1,0.0,1.1221559197097275,1
2457320,1805549,651770,5,2,0,0,0,0.2768776481472037,0,0,34,1,0,0.0,3.0,1
1777660,1289357,488302,4,0,1,0,0,0.0,0,0,38,1,6,0.0,2.418603839379184,1
1266899,858774,408124,3,0,0,0,0,0.0,0,0,43,1,2,0.0,0.7482596903836584,1
2972135,2149016,823118,6,0,0,0,0,1.0,1,1,40,1,2,0.0,3.0,1
2137901,1537020,600880,4,0,1,0,0,0.0,0,0,46,1,2,0.0,2.371952029989869,1
1296612,872864,423747,3,0,0,0,0,0.0,0,0,41,1,2,0.0,0.629527897208618,1
2496996,1678574,818420,5,0,0,0,0,0.0,0,0,30,1,1,0.0,3.0,1
2672710,1753991,918718,6,0,1,0,0,0.0,0,0,34,1,2,0.0,3.0,1
1800791,1062840,737951,4,0,1,0,0,0.0,0,0,41,1,4,0.0,3.0,1
1826687,1110609,716078,4,1,1,0,0,0.0,0,0,37,1,7,0.0,1.6123958516005563,1
3319092,2164642,1154449,6,0,1,0,0,0.0,0,0,46,1,2,0.0,1.505058123732487,1
2153494,1344561,808933,4,0,0,0,0,0.0,0,0,36,1,1,0.0,0.1100496086717937,1
3249647,1720063,1529584,6,0,0,0,0,0.25243694434402075,0,0,42,1,0,0.0,2.4951261113119587,1
2578253,1541841,1036410,5,0,0,0,0,0.28665041411544756,0,0,33,1,2,0.0,2.426699171769105,1
2336420,1586043,750377,5,0,0,0,0,0.0,0,0,35,1,0,0.0,3.0,1
2165417,1454342,711074,5,0,1,0,0,0.0,0,0,43,1,4,0.0,3.511677442115666,1
1599860,1131825,468033,4,0,1,0,0,0.0,0,0,37,1,3,0.0,1.4036595442040531,1
3014544,2178340,836203,6,0,0,0,0,1.0,1,1,40,1,2,0.0,3.0,1
1482048,969432,512616,3,0,0,0,0,0.0,0,0,45,1,3,0.0,1.8948247336469093,1
3255092,2138547,1116545,6,0,1,0,0,0.0,0,0,46,1,2,0.0,1.9347654670899537,1
1559248,914604,644643,4,0,0,0,0,0.0,0,0,58,1,2,0.0,1.4849410072694593,1
1809423,1196410,613013,4,0,1,0,0,0.0,0,0,42,1,6,0.0,3.0,1
1415807,1022247,393559,3,0,0,0,0,0.0,0,0,43,1,3,0.0,1.7545683262092453,1
3383538,2192385,1191152,6,0,1,0,0,0.0,0,0,46,1,2,0.0,1.0401423955554527,1
1781294,1273849,507445,4,0,0,0,0,0.0,0,0,37,1,4,0.0,2.033762503250465,1
2368832,1749650,619180,5,1,0,0,0,0.0,0,0,36,1,0,0.0,3.0,1
3218485,2147537,1070948,6,0,1,0,0,0.0,0,0,46,1,2,0.0,1.6549947043558293,1
2558320,1386610,1171710,5,0,1,0,0,0.0,0,0,37,1,5,0.0,2.6407136045422464,1
2564745,1552072,1012672,6,0,1,0,0,0.0,0,0,29,1,2,0.0,3.0,1
2619465,1423693,1195771,5,0,0,0,0,0.40640754644595134,0,0,42,1,4,0.0,2.1871849071080973,1
2422123,1531712,890412,5,0,0,0,0,0.3208976808555104,0,0,39,1,0,0.0,2.358204638288979,1
2057511,1537717,519793,4,0,1,0,0,0.0,0,0,47,1,2,0.0,3.0,1
1606741,936608,670132,4,0,1,0,0,0.0,0,0,36,1,2,0.0,1.5046734032128282,1
3025648,2186018,839629,6,0,0,0,0,1.0,1,1,40,1,2,0.0,3.0,1
2540591,1715669,824921,5,1,0,0,0,0.5371065418185478,0,0,32,1,2,0.0,3.0,1
2751551,1996491,755059,5,1,0,0,0,1.0,1,1,38,1,2,0.0,3.0,1
2822345,1653038,1169306,5,0,0,0,0,0.74543947418433,0,0,47,1,2,0.0,1.0,1
1965662,1186633,779029,4,1,1,0,0,0.0,0,0,32,1,5,0.0,0.0,1
1274640,841251,433389,3,0,0,0,0,0.0,0,0,44,1,2,0.0,1.2551606055911275,1
2391521,1564634,826888,5,0,0,0,0,0.0,0,0,33,1,0,0.0,3.0,1
1782780,1004606,778174,4,0,1,0,0,0.0,0,0,40,1,3,0.0,3.0,1
3417535,2057191,1360343,7,0,0,0,0,0.0,0,0,44,1,1,0.0,1.7081655173367976,1
1798418,1200155,598262,4,1,0,0,0,0.0,0,0,34,1,5,0.0,1.2876650859932643,1
2583106,1883936,699169,5,1,0,0,0,0.0,0,0,37,1,0,0.0,3.0,1
1820841,1138934,681907,4,0,0,0,0,0.0,0,0,44,1,5,0.0,2.9730304975859596,1
2165485,1331724,833761,4,0,1,0,0,0.0,0,0,36,1,3,0.0,1.5769007225724514,1
1458862,922408,536453,4,0,0,0,0,0.0,0,0,41,1,2,0.0,0.23722679173599448,1
3007970,2175554,832414,6,0,0,0,0,0.8982175273795963,0,0,40,1,1,0.0,3.0,1
2386168,1761499,624667,5,1,0,0,0,0.0,0,0,35,1,0,0.0,3.0,1
3364810,1906992,1457818,7,0,0,0,0,0.24595772838450813,0,0,41,1,0,0.0,3.0,1
2383853,1759917,623935,5,1,0,0,0,0.0,0,0,35,1,0,0.0,3.0,1
2086995,1300225,786770,4,0,1,0,0,0.0,0,0,37,1,2,0.0,0.5597010721539173,1
3309391,2160687,1148704,6,0,1,0,0,0.0,0,0,46,1,2,0.0,1.5701903373876942,1
3148083,2094914,1053169,6,0,1,0,0,0.0,0,0,46,1,2,0.0,2.6532528094104904,1
1707582,1288468,419114,3,0,0,0,0,0.0,0,0,40,1,5,0.0,2.7935308492528503,1
2159245,1606397,552846,5,0,0,0,0,0.0,0,0,47,1,1,0.0,3.0,1
2141509,1457005,684503,4,0,1,0,0,0.0,0,0,42,1,2,0.0,1.426465831289236,1
3310734,1915473,1395261,6,0,0,0,0,0.0,0,0,43,1,0,0.0,3.0,1
1469240,841277,627962,3,0,0,0,0,0.0,0,0,62,1,2,0.0,1.0,1
2398246,1769754,628490,5,1,0,0,0,0.0,0,0,34,1,0,0.0,3.0,1
3214950,2122179,1092771,6,0,1,0,0,0.0,0,0,46,1,2,0.0,2.2042888019085165,1
1454760,944332,510427,4,0,0,0,0,0.0,0,0,35,1,2,0.0,0.03052956672463114,1
2488696,1826980,661714,5,1,0,0,0,0.0,0,0,34,1,0,0.0,3.0,1
2614517,1486829,1127688,5,0,0,0,0,0.8170720709492799,0,0,44,1,2,0.0,1.3658558581014402,1
3311524,2201415,1110109,7,0,0,0,0,0.25790282704493983,0,0,44,1,2,0.0,1.5158056540898797,1
2365179,1563541,801638,5,0,0,0,0,0.0,0,0,34,1,0,0.0,3.0,1
2264574,1672906,591667,5,0,0,0,0,0.331356780075569,0,0,45,1,2,0.0,3.0,1
2346610,1555245,791366,5,0,0,0,0,0.07062401087241421,0,0,36,1,0,0.0,2.858751978255172,1
1798981,1230926,568054,4,0,1,0,0,0.0,0,0,42,1,6,0.0,3.0,1
2223354,1432930,790425,4,0,0,0,0,0.0,0,0,36,1,1,0.0,1.2851619315903005,1
1760924,1361470,399453,4,0,0,0,0,0.0,0,0,40,1,3,0.0,3.0,1
1812100,1141273,670826,4,1,0,0,0,0.0,0,0,32,1,7,0.0,0.6915212004241891,1
2190849,1627999,562849,5,0,0,0,0,0.0,0,0,46,1,1,0.0,3.0,1
2460378,1749883,710494,5,1,0,0,0,0.6763207635957563,0,0,36,1,1,0.0,3.0,1
2440054,1721598,718457,5,1,0,0,0,0.5745635613835832,0,0,36,1,1,0.0,3.0,1
3236252,2206962,1029289,7,0,0,0,0,0.492389621315545,0,0,43,1,2,0.0,1.98477924263109,1
3322106,2165871,1156234,6,0,1,0,0,0.0,0,0,46,1,2,0.0,1.4848194648301605,1
2480292,1811183,669108,5,1,0,0,0,0.8851631752607965,0,0,38,1,2,0.0,3.0,1
2941486,2115445,826041,6,0,0,0,0,0.3893799575583674,0,0,44,1,2,0.0,3.0,1
2534730,1762421,772309,5,1,0,0,0,0.7113694467597442,0,0,34,1,2,0.0,3.0,1
1979846,1219094,760752,4,0,1,0,0,0.0,0,0,41,1,6,0.0,3.418761778577388,1
3039981,2192800,847180,6,0,0,0,0,0.8456372847257977,0,0,41,1,2,0.0,3.0,1
3059167,1642905,1416262,6,0,0,0,0,0.4811401018548175,0,0,44,1,0,0.0,2.0377197962903653,1
2168925,1330877,838049,4,0,1,0,0,0.0,0,0,36,1,3,0.0,1.8696422697936566,1
3111876,2080151,1031725,6,0,1,0,0,0.0,0,0,46,1,2,0.0,2.896352926355146,1
1413161,934627,478533,3,0,0,0,0,0.0,0,0,45,1,3,0.0,1.6732085563878412,1
1816649,1173416,643233,4,0,0,0,0,0.0,0,0,43,1,5,0.0,3.0,1
2458397,1808702,649694,5,1,0,0,0,0.0,0,0,33,1,0,0.0,3.0,1
1829281,1144824,684457,4,0,1,0,0,0.0,0,0,43,1,6,0.0,3.0100397676100545,1
2912241,1998426,913815,5,0,0,0,0,0.32235384497472297,1,1,43,1,2,0.0,3.0,1
1422647,839104,583542,3,0,0,0,0,0.0,0,0,59,1,2,0.0,1.0,1
1548735,997335,551399,4,0,1,0,0,0.0,0,0,37,1,3,0.0,0.7639219642912916,1
1780545,972614,807930,4,0,1,0,0,0.0,0,0,35,1,4,0.0,2.044508166671788,1
2228900,1650038,578861,5,0,0,0,0,0.23977214011031345,0,0,46,1,2,0.0,3.0,1
2017968,1229811,788157,4,0,1,0,0,0.0,0,0,33,1,4,0.0,0.0,1
3085530,2142289,943240,6,0,0,0,0,0.47157618855015837,1,1,44,1,2,0.0,3.0,1
2213671,1578522,635148,5,0,0,0,0,0.0,0,0,43,1,1,0.0,3.0,1
2882027,2086710,795316,6,0,0,0,0,1.0,1,1,39,1,2,0.0,3.0,1
1476100,975322,500776,4,0,1,0,0,0.0,0,0,35,1,2,0.0,0.21141256725652235,1
2570235,1554003,1016230,5,0,0,0,0,0.16938059221227086,0,0,31,1,2,0.0,2.6612388155754583,1
2876205,2054531,821674,6,0,1,0,0,0.0,0,0,46,1,2,0.0,2.930053821333025,1
1867619,1105700,761919,4,1,1,0,0,0.0,0,0,30,1,8,0.0,0.0,1
3079531,2179916,899614,6,0,0,0,0,0.7308674752036443,1,1,42,1,2,0.0,3.0,1
2112297,1576551,535744,4,0,0,0,0,0.0,0,0,48,1,2,0.0,3.0,1
1763819,1031020,732798,4,1,0,0,0,0.0,0,0,35,1,7,0.0,0.18123306616566015,1
3036846,2193761,843084,6,0,0,0,0,1.0,1,1,40,1,2,0.0,3.0,1
2636001,1695278,940722,6,0,1,0,0,0.0,0,0,32,1,2,0.0,3.0,1
2949290,2121573,827715,6,0,0,0,0,0.4255268868200881,0,0,43,1,2,0.0,3.0,1
2144751,1548183,596567,5,0,1,0,0,0.0,0,0,47,1,2,0.0,3.158171223241728,1
1812692,983100,829592,4,0,1,0,0,0.0,0,0,37,1,2,0.0,2.5806828701211315,1
2347023,1609082,737941,5,0,0,0,0,0.0,0,0,35,1,0,0.0,3.0,1
2569872,1535658,1034213,6,0,1,0,0,0.0,0,0,30,1,2,0.0,3.0,1
2382973,1759315,623656,5,1,0,0,0,0.0,0,0,35,1,0,0.0,3.0,1
3400191,1849355,1550837,6,0,0,0,0,0.0,0,0,41,1,0,0.0,3.0,1
1655566,907762,747803,3,0,0,0,0,0.0,0,0,39,1,2,0.0,2.629149440462764,1
2883914,1711411,1172503,5,0,0,0,0,0.6651972206962001,0,0,47,1,2,0.0,1.0,1
2380797,1682467,698329,5,1,0,0,0,0.0,0,0,34,1,0,0.0,3.0,1
1700955,989912,711043,4,1,0,0,0,0.0,0,0,41,1,6,0.0,0.3588304841235025,1
1819516,1109358,710157,4,1,0,0,0,0.0,0,0,31,1,8,0.0,0.36839837756067517,1
2726978,1967183,759794,5,0,0,0,0,0.3924451074226354,0,0,42,1,2,0.0,3.0,1
3163097,2024590,1138507,6,0,0,0,0,0.0,0,0,45,1,1,0.0,3.0,1
1928019,1450628,477389,4,0,1,0,0,0.0,0,0,43,1,4,0.0,3.0,1
3087719,2128556,959162,6,0,0,0,0,0.3769444294249076,1,1,44,1,2,0.0,3.0,1
3145908,2127815,1018092,6,0,1,0,0,0.0,0,0,46,1,2,0.0,1.9253595713392129,1
2399423,1722937,676484,5,1,0,0,0,0.0,0,0,33,1,0,0.0,3.0,1
2917753,2055594,862158,6,0,1,0,0,0.0,0,0,46,1,2,0.0,3.0,1
2593025,1519431,1073593,5,0,0,0,0,0.5027203900924792,0,0,38,1,2,0.0,1.9945592198150417,1
3409542,2104731,1304811,7,0,0,0,0,0.0,0,0,44,1,1,0.0,1.4644253902936346,1
3400899,2156139,1244760,7,0,0,0,0,0.0,0,0,45,1,1,0.0,1.200850853450863,1
2448352,1733146,715206,5,1,0,0,0,0.6161087786267886,0,0,36,1,1,0.0,3.0,1
2382970,1687190,695780,5,1,0,0,0,0.0,0,0,34,1,0,0.0,3.0,1
1764666,946036,818629,4,0,1,0,0,0.0,0,0,38,1,2,0.0,3.0,1
2479216,1709429,769785,5,1,0,0,0,0.0,0,0,31,1,0,0.0,3.0,1
1235474,830372,405101,3,0,0,0,0,0.0,0,0,47,1,2,0.0,1.0,1
2113246,1575201,538044,4,0,1,0,0,0.0,0,0,48,1,2,0.0,3.0,1
2245663,1665464,580198,5,0,0,0,0,0.0,0,0,43,1,1,0.0,3.0,1
2155083,1501267,653814,5,0,1,0,0,0.0,0,0,45,1,3,0.0,3.334905614657086,1
1496525,944526,551997,4,0,1,0,0,0.0,0,0,35,1,2,0.0,0.4178162179901618,1
3332959,2170296,1162662,6,0,1,0,0,0.0,0,0,46,1,2,0.0,1.411949621459408,1
2358495,1379097,979397,5,0,0,0,0,0.3799272440714865,0,0,41,1,4,0.0,2.8602182677855406,1
1998134,1213439,784696,4,0,1,0,0,0.0,0,0,33,1,5,0.0,0.0,1
1230453,841491,388961,3,0,0,0,0,0.0,0,0,44,1,2,0.0,0.8938925830509576,1
2451190,1802443,648746,5,2,0,0,0,0.21140278877546925,0,0,33,1,0,0.0,3.0,1
2990144,2161468,828674,6,0,0,0,0,1.0,1,1,40,1,2,0.0,3.0,1
2928800,1917283,1011516,6,0,1,0,0,0.0,0,0,41,1,2,0.0,3.0,1
3203650,2014548,1189101,6,0,0,0,0,0.24848913981446574,0,0,46,1,2,0.0,1.0,1
2994900,2086783,908116,6,0,1,0,0,0.0,0,0,46,1,2,0.0,2.487892585145354,1
2146568,1344799,801769,4,0,1,0,0,0.0,0,0,36,1,2,0.0,0.10059730420733815,1
2687160,1777102,910057,6,0,1,0,0,0.0,0,0,35,1,2,0.0,3.0,1
2144232,1396594,747639,4,0,1,0,0,0.0,0,0,39,1,2,0.0,0.7126239427779284,1
3066985,2070846,996139,6,0,1,0,0,0.0,0,0,46,1,2,0.0,3.0,1
2622667,1442406,1180261,5,0,0,0,0,0.6579182512840925,0,0,44,1,3,0.0,1.684163497431815,1
1761154,1050556,710597,4,1,1,0,0,0.0,0,0,30,1,7,0.0,0.0,1
1266038,885595,380442,3,0,0,0,0,0.0,0,0,45,1,2,0.0,1.2212634739104145,1
2502657,1533666,968990,5,0,1,0,0,0.0,0,0,29,1,2,0.0,3.153547708265482,1
2173228,1615954,557272,5,0,0,0,0,0.0,0,0,46,1,1,0.0,3.0,1
2418010,1565733,852276,5,0,0,0,0,0.0,0,0,32,1,0,0.0,3.0,1
1403427,923515,479910,4,0,0,0,0,0.0,0,0,37,1,2,0.0,0.20270463422044638,1
2098773,1307309,791464,4,0,1,0,0,0.0,0,0,37,1,2,0.0,0.44975228204632134,1
1469450,865816,603633,4,0,0,0,0,0.0,0,0,56,1,2,0.0,0.7707486047673585,1
2598837,1442927,1155909,6,0,1,0,0,0.0,0,0,35,1,4,0.0,3.0,1
1917274,1146689,770584,4,1,1,0,0,0.0,0,0,31,1,7,0.0,0.0,1
1783353,978557,804796,4,0,1,0,0,0.0,0,0,35,1,4,0.0,1.923442898655892,1
3296068,2202554,1093514,7,0,0,0,0,0.3060515555329,0,0,44,1,2,0.0,1.6121031110658,1
3424302,2016937,1407365,7,0,0,0,0,0.0,0,0,43,1,1,0.0,1.9145511133048077,1
2404683,1734367,670315,5,1,0,0,0,0.0,0,0,33,1,0,0.0,3.0,1
2577887,1509997,1067889,6,0,1,0,0,0.0,0,0,31,1,3,0.0,3.0,1
2183347,1372920,810427,5,0,1,0,0,0.0,0,0,39,1,5,0.0,3.818402283198574,1
2620764,1477351,1143412,5,0,0,0,0,0.9084505613336283,0,0,46,1,2,0.0,1.1830988773327433,1
1762880,1353001,409878,4,0,0,0,0,0.0,0,0,40,1,4,0.0,3.0,1
3086744,1903711,1183032,6,0,0,0,0,0.4008514167636399,0,0,46,1,2,0.0,1.0,1
2703855,1952605,751250,5,0,0,0,0,0.4620058036441327,0,0,41,1,2,0.0,3.0,1
2138586,1576176,562408,5,0,1,0,0,0.0,0,0,48,1,2,0.0,3.052716660388185,1
2214104,1361084,853020,5,0,0,0,0,0.0,0,0,37,1,5,0.0,3.8466485968839197,1
3206128,2209182,996945,7,0,0,0,0,0.5862298320167972,0,0,43,1,2,0.0,2.1724596640335943,1
2689269,1943408,745860,5,1,0,0,0,0.505888678884466,0,0,41,1,2,0.0,3.0,1
2654178,1921285,732893,5,1,0,0,0,0.6114542354346478,0,0,40,1,2,0.0,3.0,1
2559893,1569692,990199,5,0,0,0,0,0.01811018382084051,0,0,28,1,2,0.0,2.963779632358319,1
2598094,1869780,728314,5,1,0,0,0,0.8721239089441515,1,1,38,1,2,0.0,3.0,1
1821071,1158360,662710,4,0,0,0,0,0.0,0,0,43,1,5,0.0,3.0,1
1312727,880506,432221,3,0,0,0,0,0.0,0,0,41,1,2,0.0,0.5651331835892089,1
2870803,1518367,1352436,6,0,0,0,0,0.0,0,0,38,1,4,0.0,3.0,1
1852692,1093378,759314,4,1,1,0,0,0.0,0,0,30,1,8,0.0,0.0,1
1807813,1159720,648093,4,1,0,0,0,0.0,0,0,33,1,6,0.0,0.878284097059804,1
2296350,1566200,730150,5,0,0,0,0,0.0,0,0,37,1,0,0.0,3.0,1
2685249,1774044,911203,6,0,1,0,0,0.0,0,0,35,1,2,0.0,3.0,1
1761654,1358308,403346,4,0,0,0,0,0.0,0,0,40,1,3,0.0,3.0,1
2981745,2147063,834681,6,0,0,0,0,0.575869328697614,0,0,43,1,2,0.0,3.0,1
2353413,1739111,614301,5,1,0,0,0,0.0,0,0,37,1,0,0.0,3.0,1
2110801,1575673,535127,4,0,0,0,0,0.0,0,0,48,1,2,0.0,3.0,1
2580893,1607138,973753,6,0,1,0,0,0.0,0,0,29,1,2,0.0,3.0,1
2266089,1454959,811130,5,0,0,0,0,0.0,0,0,36,1,2,0.0,3.450839371404132,1
2310429,1535029,775401,5,0,0,0,0,0.0,0,0,36,1,0,0.0,3.113238045840755,1
2142080,1333356,808725,4,0,1,0,0,0.0,0,0,36,1,2,0.0,0.04547640311299617,1
1817917,1116211,701706,4,1,1,0,0,0.0,0,0,31,1,8,0.0,0.4833057406621979,1
3411701,1856807,1554895,7,0,0,0,0,0.12466268120326685,0,0,41,1,0,0.0,3.0,1
2310278,1564124,746153,5,0,0,0,0,0.0,0,0,37,1,0,0.0,3.0,1
2170155,1365637,804519,4,0,0,0,0,0.0,0,0,36,1,1,0.0,0.3903109138136154,1
3085308,2143680,941627,6,0,0,0,0,0.4811619428739279,1,1,44,1,2,0.0,3.0,1
1791072,1231670,559401,4,0,1,0,0,0.0,0,0,35,1,7,0.0,1.7738263072347877,1
3001073,2064110,936963,6,0,1,0,0,0.0,0,0,46,1,2,0.0,3.0,1
3043280,2198210,845069,6,0,0,0,0,1.0,1,1,40,1,2,0.0,3.0,1
1656895,1227928,428967,4,0,0,0,0,0.0,0,0,38,1,2,0.0,1.9944082750622973,1
2241596,1362224,879372,4,0,0,0,0,0.19714655140198856,0,0,38,1,2,0.0,0.19714655140198856,1
